NaN,NaN,NaN,NaN,NaN,NaN,NaN,NaN,NaN,NaN
0.0011222,0.0011222,0.0011222,0.0011222,0.0011222,0.0011222,0.0011222,0.0011222,0.0011222,0.0011222
0.0082222,0.0082222,0.0082222,0.0082222,0.0082222,0.0082222,0.0082222,0.0082222,0.0082222,0.0082222
0.014759,0.017003,0.017003,0.017003,0.017003,0.017003,0.017003,0.017003,0.017003,0.017003
0.023274,0.024723,0.024723,0.024723,0.024723,0.024723,0.024723,0.024723,0.024723,0.024723
0.028319,0.024249,0.024405,0.024405,0.024405,0.024405,0.024405,0.024405,0.024405,0.024405
0.031329,0.030005,0.030292,0.030292,0.030292,0.030292,0.030292,0.030292,0.030292,0.030292
0.036309,0.034013,0.031703,0.031703,0.031703,0.031703,0.031703,0.031703,0.031703,0.031703
0.039477,0.039462,0.033804,0.033804,0.033804,0.033804,0.033804,0.033804,0.033804,0.033804
0.037816,0.038319,0.031858,0.036517,0.036517,0.036517,0.036517,0.036517,0.036517,0.036517
0.041637,0.041133,0.035128,0.039475,0.039475,0.039475,0.039475,0.039475,0.039475,0.039475
0.03948,0.045036,0.043808,0.045592,0.045592,0.045592,0.045592,0.045592,0.045592,0.045592
0.044323,0.046594,0.046414,0.047331,0.047331,0.047331,0.047331,0.047331,0.047331,0.047331
0.042176,0.046755,0.05093,0.049344,0.049344,0.049344,0.049344,0.049344,0.049344,0.049344
0.04832,0.051912,0.054074,0.049675,0.049675,0.049675,0.049675,0.049675,0.049675,0.049675
0.047292,0.055802,0.054952,0.051448,0.051448,0.051448,0.051448,0.051448,0.051448,0.051448
0.050679,0.059013,0.057309,0.056182,0.056182,0.056182,0.056182,0.056182,0.056182,0.056182
0.046475,0.053395,0.050381,0.057663,0.057663,0.057663,0.057663,0.057663,0.057663,0.057663
0.05463,0.060734,0.05721,0.055039,0.059728,0.059728,0.059728,0.059728,0.059728,0.059728
0.051043,0.063313,0.061709,0.056652,0.063096,0.063096,0.063096,0.063096,0.063096,0.063096
0.054736,0.065294,0.064099,0.060536,0.065543,0.065543,0.065543,0.065543,0.065543,0.065543
0.051327,0.06041,0.063988,0.061594,0.065585,0.065585,0.065585,0.065585,0.065585,0.065585
0.055805,0.063558,0.070771,0.067082,0.068149,0.068149,0.068149,0.068149,0.068149,0.068149
0.052875,0.06675,0.07184,0.071045,0.070061,0.070061,0.070061,0.070061,0.070061,0.070061
0.059811,0.072981,0.075986,0.072509,0.070642,0.070642,0.070642,0.070642,0.070642,0.070642
0.055753,0.066443,0.069133,0.074489,0.073475,0.073475,0.073475,0.073475,0.073475,0.073475
0.059304,0.067845,0.070927,0.075633,0.079493,0.079493,0.079493,0.079493,0.079493,0.079493
0.056498,0.07283,0.077566,0.07872,0.077274,0.077274,0.077274,0.077274,0.077274,0.077274
0.062213,0.076804,0.080269,0.079371,0.079142,0.079142,0.079142,0.079142,0.079142,0.079142
0.058,0.06909,0.080016,0.079379,0.080902,0.080902,0.080902,0.080902,0.080902,0.080902
0.063516,0.072864,0.086922,0.086502,0.086929,0.086929,0.086929,0.086929,0.086929,0.086929
0.059259,0.075659,0.087479,0.090077,0.089446,0.089446,0.089446,0.089446,0.089446,0.089446
0.064717,0.079554,0.090034,0.08905,0.088724,0.088724,0.088724,0.088724,0.088724,0.088724
0.060783,0.072336,0.080054,0.090315,0.088593,0.088593,0.088593,0.088593,0.088593,0.088593
0.066843,0.076723,0.083307,0.093035,0.088659,0.088659,0.088659,0.088659,0.088659,0.088659
0.061384,0.077204,0.088224,0.082863,0.083254,0.090452,0.090452,0.090452,0.090452,0.090452
0.064614,0.079549,0.088464,0.083674,0.08402,0.092718,0.092718,0.092718,0.092718,0.092718
0.060119,0.073125,0.090358,0.088596,0.089215,0.096172,0.096172,0.096172,0.096172,0.096172
0.068109,0.079624,0.093854,0.092132,0.08956,0.095444,0.095444,0.095444,0.095444,0.095444
0.065896,0.084696,0.097776,0.094732,0.091359,0.094181,0.094181,0.094181,0.094181,0.094181
0.070955,0.086805,0.10177,0.096036,0.093657,0.09608,0.09608,0.09608,0.09608,0.09608
0.065537,0.078533,0.087247,0.096883,0.094359,0.09525,0.09525,0.09525,0.09525,0.09525
0.070228,0.080786,0.089741,0.098335,0.097774,0.10064,0.10064,0.10064,0.10064,0.10064
0.066498,0.082955,0.094344,0.097095,0.094006,0.09095,0.098339,0.098339,0.098339,0.098339
0.070718,0.085994,0.096336,0.098415,0.096585,0.090238,0.099647,0.099647,0.099647,0.099647
0.065003,0.078566,0.096762,0.099003,0.098067,0.094766,0.10064,0.10064,0.10064,0.10064
0.070261,0.082483,0.10063,0.10126,0.10065,0.096987,0.10076,0.10076,0.10076,0.10076
0.067114,0.084986,0.10211,0.10585,0.10527,0.10186,0.1028,0.1028,0.1028,0.1028
0.072577,0.089057,0.10478,0.10806,0.10659,0.10387,0.10392,0.10392,0.10392,0.10392
0.068942,0.083136,0.097152,0.10972,0.1041,0.1007,0.10345,0.10345,0.10345,0.10345
0.075894,0.087392,0.099131,0.1116,0.10732,0.10114,0.10384,0.10384,0.10384,0.10384
0.070054,0.087334,0.10053,0.11647,0.11219,0.10531,0.10993,0.10993,0.10993,0.10993
0.07533,0.089898,0.10013,0.10553,0.11353,0.10797,0.11085,0.11085,0.11085,0.11085
0.069819,0.08347,0.10287,0.10267,0.11188,0.10908,0.11159,0.11159,0.11159,0.11159
0.073267,0.086462,0.10559,0.10389,0.11013,0.10663,0.10859,0.10859,0.10859,0.10859
0.070612,0.088195,0.10772,0.10457,0.11149,0.10636,0.10746,0.10746,0.10746,0.10746
0.075836,0.091782,0.11247,0.11014,0.11378,0.10971,0.10872,0.10872,0.10872,0.10872
0.071801,0.084751,0.099894,0.11086,0.11357,0.11095,0.1089,0.1089,0.1089,0.1089
0.076905,0.088781,0.10192,0.11049,0.11412,0.11137,0.10959,0.10959,0.10959,0.10959
0.072476,0.089043,0.1043,0.11074,0.11459,0.11284,0.10952,0.10952,0.10952,0.10952
0.076934,0.093111,0.10804,0.11544,0.11919,0.11432,0.11349,0.11349,0.11349,0.11349
0.072587,0.085897,0.10707,0.11358,0.11752,0.11345,0.11278,0.11278,0.11278,0.11278
0.077277,0.088251,0.108,0.11203,0.1178,0.11571,0.11188,0.11188,0.11188,0.11188
0.072787,0.089315,0.11126,0.11611,0.12081,0.1191,0.11469,0.11469,0.11469,0.11469
0.078292,0.094117,0.11714,0.11803,0.12231,0.12068,0.11611,0.11611,0.11611,0.11611
0.074566,0.087006,0.10689,0.11857,0.12424,0.12372,0.11905,0.11905,0.11905,0.11905
0.079863,0.09001,0.10506,0.11919,0.12021,0.1206,0.11476,0.11476,0.11476,0.11476
0.075442,0.091631,0.10776,0.11936,0.12269,0.12088,0.11418,0.11418,0.11418,0.11418
0.080762,0.094467,0.11098,0.12422,0.12548,0.12388,0.11704,0.11704,0.11704,0.11704
0.076367,0.088454,0.11055,0.11299,0.1107,0.12187,0.11581,0.11581,0.11581,0.11581
0.080318,0.091546,0.11317,0.11168,0.10982,0.11848,0.11745,0.11745,0.11745,0.11745
0.074709,0.091202,0.11476,0.11614,0.11831,0.12716,0.12433,0.12433,0.12433,0.12433
0.08061,0.095469,0.11796,0.1174,0.11685,0.12698,0.12337,0.12337,0.12337,0.12337
0.07665,0.089004,0.10714,0.11796,0.117,0.1251,0.12105,0.12105,0.12105,0.12105
0.080067,0.091953,0.10865,0.1183,0.11904,0.12814,0.11966,0.11966,0.11966,0.11966
0.076159,0.091677,0.11119,0.11901,0.11999,0.12615,0.12297,0.12297,0.12297,0.12297
0.080476,0.094085,0.11074,0.11902,0.1187,0.12316,0.12121,0.12121,0.12121,0.12121
0.077242,0.08995,0.11326,0.12011,0.11925,0.12712,0.11974,0.11974,0.11974,0.11974
0.083594,0.093243,0.11394,0.12147,0.1212,0.12959,0.12067,0.12067,0.12067,0.12067
0.078611,0.092604,0.11569,0.12351,0.12411,0.13143,0.12477,0.12477,0.12477,0.12477
0.083006,0.096517,0.12268,0.12608,0.12518,0.13204,0.12021,0.12021,0.12021,0.12021
0.079221,0.091345,0.11095,0.12732,0.12658,0.13168,0.12267,0.12267,0.12267,0.12267
0.08198,0.09337,0.11248,0.12701,0.12787,0.1367,0.12622,0.12622,0.12622,0.12622
0.078576,0.093447,0.11099,0.12516,0.12486,0.13302,0.1233,0.1233,0.1233,0.1233
0.083248,0.096377,0.11434,0.12657,0.12865,0.13696,0.12691,0.12691,0.12691,0.12691
0.077707,0.089459,0.11511,0.13197,0.1286,0.12413,0.1173,0.12945,0.12945,0.12945
0.081727,0.09285,0.11545,0.1192,0.12877,0.1209,0.11449,0.12613,0.12613,0.12613
0.078106,0.092833,0.1148,0.1185,0.12593,0.11953,0.11148,0.12429,0.12429,0.12429
0.086306,0.099722,0.12029,0.12204,0.13089,0.12078,0.11526,0.12745,0.12745,0.12745
0.082892,0.094157,0.11392,0.12483,0.13727,0.12622,0.1213,0.13139,0.13139,0.13139
0.086712,0.096344,0.11703,0.12565,0.13487,0.12922,0.12548,0.12744,0.12744,0.12744
0.078185,0.093916,0.11369,0.12529,0.13432,0.129,0.1249,0.12881,0.12881,0.12881
0.083658,0.098056,0.11559,0.1256,0.13422,0.12901,0.12706,0.13041,0.13041,0.13041
0.078268,0.089854,0.11536,0.12352,0.13458,0.12954,0.12247,0.13129,0.13129,0.13129
0.083116,0.093033,0.11539,0.12705,0.13431,0.12786,0.123,0.12957,0.12957,0.12957
0.079126,0.093406,0.1169,0.12765,0.13644,0.12705,0.12358,0.13206,0.13206,0.13206
0.085433,0.098522,0.12204,0.12811,0.13892,0.13075,0.12693,0.13686,0.13686,0.13686
0.082409,0.093173,0.11127,0.13059,0.13948,0.13202,0.12723,0.13114,0.13114,0.13114
0.085266,0.095803,0.11536,0.13096,0.14159,0.13189,0.12778,0.13066,0.13066,0.13066
0.0831,0.097683,0.11799,0.13149,0.13993,0.13051,0.12568,0.13118,0.13118,0.13118
0.083877,0.098503,0.11657,0.13328,0.14161,0.13298,0.12705,0.13095,0.13095,0.13095
0.079409,0.092183,0.11703,0.13178,0.14082,0.13526,0.12967,0.13313,0.13313,0.13313
0.084046,0.094241,0.11578,0.13537,0.14129,0.13584,0.133,0.13386,0.13386,0.13386
0.079985,0.094037,0.11707,0.12183,0.12785,0.13501,0.13037,0.13101,0.13101,0.13101
0.085448,0.09904,0.12363,0.12523,0.12926,0.1398,0.13239,0.13399,0.13399,0.13399
0.080307,0.092019,0.11168,0.12539,0.12944,0.14069,0.13574,0.13617,0.13617,0.13617
0.086812,0.096801,0.11552,0.12822,0.13154,0.13983,0.13142,0.13466,0.13466,0.13466
0.083379,0.097241,0.11698,0.12836,0.13318,0.13922,0.13035,0.13095,0.13095,0.13095
0.08757,0.10058,0.11809,0.12733,0.13384,0.14073,0.13453,0.13245,0.13245,0.13245
0.080684,0.092751,0.11695,0.12997,0.1341,0.13926,0.13607,0.13655,0.13655,0.13655
0.084346,0.096102,0.11969,0.1305,0.13603,0.14353,0.1377,0.13968,0.13968,0.13968
0.0821,0.096231,0.11988,0.12919,0.13597,0.14383,0.13675,0.14062,0.14062,0.14062
0.086516,0.099525,0.12342,0.13183,0.13918,0.14362,0.13682,0.13615,0.13615,0.13615
0.081767,0.094548,0.11513,0.13384,0.13791,0.14439,0.13818,0.1378,0.1378,0.1378
0.084903,0.097297,0.1172,0.13496,0.1366,0.14687,0.13811,0.13717,0.13717,0.13717
0.081117,0.096183,0.11689,0.13519,0.13874,0.14736,0.13925,0.13472,0.13472,0.13472
0.088718,0.10157,0.11876,0.13336,0.13819,0.14668,0.13818,0.13279,0.13279,0.13279
0.085257,0.096162,0.11914,0.13538,0.14104,0.14748,0.13957,0.13499,0.13499,0.13499
0.086835,0.097855,0.12096,0.13853,0.14441,0.15062,0.14285,0.13909,0.13909,0.13909
0.082639,0.097478,0.12065,0.14175,0.14247,0.14924,0.14321,0.14214,0.14214,0.14214
0.085929,0.099589,0.12426,0.12682,0.14046,0.14825,0.14133,0.13488,0.13488,0.13488
0.083833,0.095758,0.11658,0.12958,0.14627,0.15245,0.14485,0.13723,0.13723,0.13723
0.087843,0.099147,0.11824,0.13109,0.14189,0.15265,0.1439,0.13389,0.13389,0.13389
0.081734,0.096871,0.11595,0.12997,0.14282,0.15509,0.14733,0.14111,0.14111,0.14111
0.087085,0.10104,0.1199,0.13249,0.1436,0.15448,0.14532,0.14318,0.14318,0.14318
0.082154,0.095286,0.12025,0.1339,0.14665,0.15358,0.14623,0.13924,0.13924,0.13924
0.087875,0.098601,0.12034,0.13428,0.1469,0.15371,0.14709,0.1364,0.1364,0.1364
0.085092,0.09908,0.12177,0.13496,0.14493,0.13871,0.1447,0.13514,0.13514,0.13514
0.087706,0.10186,0.12655,0.13525,0.14567,0.138,0.14569,0.13951,0.13951,0.13951
0.083713,0.095992,0.11655,0.13594,0.14768,0.14155,0.15352,0.14446,0.14446,0.14446
0.087672,0.098631,0.11819,0.13704,0.15122,0.14441,0.15204,0.14682,0.14682,0.14682
0.08214,0.09728,0.11513,0.13641,0.14945,0.14051,0.1468,0.13568,0.13568,0.13568
0.085798,0.1001,0.11864,0.13604,0.14911,0.14247,0.15124,0.13599,0.13599,0.13599
0.08241,0.095405,0.11945,0.13634,0.15063,0.14518,0.15251,0.1386,0.1386,0.1386
0.088641,0.10031,0.12318,0.14161,0.15246,0.14507,0.15143,0.1368,0.1368,0.1368
0.084201,0.099218,0.12077,0.13798,0.15013,0.14393,0.14977,0.13452,0.13452,0.13452
0.088482,0.10326,0.12554,0.143,0.15277,0.14296,0.15119,0.13877,0.13877,0.13877
0.08428,0.097316,0.11741,0.13033,0.13752,0.14312,0.15456,0.1386,0.1386,0.1386
0.087645,0.099232,0.12066,0.13334,0.13833,0.14662,0.15909,0.14451,0.14451,0.14451
0.084844,0.10021,0.11937,0.13462,0.1376,0.14823,0.15987,0.1439,0.1439,0.1439
0.085401,0.099808,0.11723,0.13222,0.13696,0.14932,0.15769,0.14307,0.14307,0.14307
0.083232,0.095501,0.11836,0.13275,0.14085,0.14911,0.15498,0.14399,0.14399,0.14399
0.088122,0.10023,0.12099,0.13397,0.14581,0.15021,0.15809,0.1452,0.1452,0.1452
0.083623,0.099187,0.12121,0.13689,0.14594,0.15042,0.15373,0.1414,0.1414,0.1414
0.087179,0.10241,0.12584,0.13731,0.14355,0.15086,0.15594,0.14696,0.14696,0.14696
0.084018,0.097522,0.11685,0.13652,0.14085,0.14935,0.15525,0.14372,0.14372,0.14372
0.088614,0.10046,0.1197,0.13811,0.1416,0.14828,0.15496,0.1402,0.1402,0.1402
0.085397,0.10043,0.11926,0.1396,0.14429,0.15167,0.15765,0.14285,0.14285,0.14285
0.086794,0.10234,0.12063,0.13859,0.14408,0.14943,0.15484,0.1415,0.1415,0.1415
0.081833,0.095544,0.11896,0.13746,0.1455,0.15395,0.15923,0.14406,0.14406,0.14406
0.08555,0.097812,0.11848,0.136,0.14616,0.15358,0.15841,0.14331,0.14331,0.14331
0.082873,0.097508,0.1194,0.14038,0.14778,0.15267,0.15626,0.1428,0.1428,0.1428
0.089244,0.10392,0.12756,0.14198,0.15192,0.15524,0.16048,0.14573,0.14573,0.14573
0.083816,0.098063,0.11664,0.14571,0.15076,0.1566,0.16037,0.14761,0.14761,0.14761
0.086903,0.099938,0.11859,0.13209,0.14712,0.15582,0.15893,0.14397,0.14397,0.14397
0.084385,0.09973,0.11824,0.13355,0.14955,0.15356,0.15934,0.13948,0.13948,0.13948
0.087577,0.10254,0.11953,0.13291,0.14872,0.15552,0.16168,0.14244,0.14244,0.14244
0.085993,0.099036,0.12064,0.13477,0.15273,0.15914,0.16327,0.14413,0.14413,0.14413
0.086415,0.10033,0.12114,0.13706,0.1543,0.16181,0.16184,0.14585,0.14585,0.14585
0.079753,0.096674,0.11807,0.13447,0.15067,0.15664,0.16032,0.14632,0.14632,0.14632
0.086673,0.10122,0.12458,0.13599,0.15079,0.15979,0.16016,0.14675,0.14675,0.14675
0.084967,0.098914,0.11723,0.13771,0.15436,0.16206,0.15916,0.14425,0.14425,0.14425
0.088407,0.10173,0.12039,0.14191,0.15776,0.16418,0.16393,0.14705,0.14705,0.14705
0.082599,0.099115,0.11884,0.14062,0.15628,0.16379,0.16303,0.14651,0.14651,0.14651
0.087,0.10352,0.12078,0.13766,0.15411,0.15799,0.15809,0.14482,0.14482,0.14482
0.084569,0.097802,0.11872,0.13716,0.15406,0.15774,0.15873,0.14262,0.14262,0.14262
0.087748,0.10021,0.12069,0.13861,0.15463,0.16169,0.16246,0.14493,0.14493,0.14493
0.083498,0.10085,0.12051,0.14116,0.15763,0.16557,0.16095,0.14644,0.14644,0.14644
0.08458,0.10182,0.12577,0.14171,0.15726,0.16796,0.16174,0.14502,0.14502,0.14502
0.083158,0.097478,0.11685,0.13949,0.15761,0.14669,0.14386,0.1328,0.14842,0.14842
0.087506,0.099343,0.11752,0.14378,0.15954,0.14813,0.14278,0.13001,0.14777,0.14777
0.083882,0.099753,0.11768,0.13273,0.14499,0.1516,0.14591,0.13026,0.14734,0.14734
0.086486,0.10312,0.12035,0.13655,0.14474,0.15026,0.14489,0.12979,0.14445,0.14445
0.083008,0.097838,0.12022,0.1358,0.14539,0.15037,0.14728,0.13607,0.14571,0.14571
0.086851,0.098974,0.12011,0.13402,0.14369,0.15034,0.14764,0.1374,0.14762,0.14762
0.085561,0.099876,0.12102,0.13593,0.14743,0.15221,0.14798,0.13807,0.14527,0.14527
0.087349,0.1035,0.12658,0.13692,0.14976,0.15435,0.15073,0.13837,0.14382,0.14382
0.081838,0.097572,0.11641,0.13665,0.15029,0.15401,0.15093,0.13842,0.14886,0.14886
0.086148,0.099859,0.11838,0.13742,0.14797,0.15177,0.149,0.13933,0.14991,0.14991
0.08214,0.097586,0.1187,0.13874,0.14843,0.15209,0.14678,0.13765,0.14759,0.14759
0.087711,0.10331,0.12072,0.14046,0.15078,0.15399,0.14981,0.13951,0.14705,0.14705
0.083711,0.098794,0.12038,0.14022,0.15068,0.15407,0.15057,0.13777,0.14244,0.14244
0.085795,0.10059,0.11999,0.1401,0.15013,0.15414,0.15287,0.14016,0.14531,0.14531
0.084089,0.099823,0.12114,0.13959,0.15258,0.15484,0.15469,0.14144,0.14713,0.14713
0.087137,0.10236,0.12589,0.14074,0.15196,0.15419,0.15032,0.13957,0.14552,0.14552
0.083369,0.098281,0.11865,0.1422,0.15228,0.15596,0.15008,0.13835,0.14604,0.14604
0.084352,0.099192,0.11803,0.13826,0.15043,0.1566,0.15401,0.1417,0.14528,0.14528
0.081404,0.097239,0.11733,0.14412,0.15199,0.15671,0.15585,0.14491,0.14662,0.14662
0.085208,0.10121,0.12012,0.13182,0.15043,0.15647,0.15255,0.14398,0.15016,0.15016
0.083042,0.097621,0.11903,0.13632,0.15671,0.15739,0.15542,0.14182,0.14883,0.14883
0.085538,0.099451,0.12061,0.13704,0.15613,0.15862,0.15763,0.14495,0.14809,0.14809
0.082413,0.099092,0.11964,0.13625,0.1568,0.1603,0.15678,0.14501,0.15213,0.15213
0.086347,0.10228,0.12558,0.13734,0.15743,0.16043,0.15767,0.14849,0.14634,0.14634
0.082067,0.096445,0.11662,0.13832,0.15546,0.16092,0.15886,0.14934,0.14903,0.14903
0.084568,0.098317,0.11751,0.13768,0.15403,0.16023,0.15808,0.14781,0.15134,0.15134
0.080313,0.096646,0.11709,0.13508,0.15451,0.15843,0.15714,0.14442,0.15081,0.15081
0.084588,0.10063,0.11934,0.13783,0.15862,0.16432,0.16252,0.15176,0.15438,0.15438
0.083741,0.098657,0.12133,0.14072,0.1585,0.16482,0.16397,0.15191,0.15066,0.15066
0.084596,0.098997,0.12064,0.14103,0.15912,0.16362,0.16323,0.15405,0.15611,0.15611
0.080763,0.097305,0.11943,0.14213,0.16002,0.16657,0.16464,0.15323,0.1523,0.1523
0.083662,0.098782,0.12203,0.14068,0.15788,0.16117,0.16282,0.15133,0.15032,0.15032
0.08165,0.095733,0.11548,0.1386,0.15714,0.1647,0.16406,0.15595,0.15589,0.15589
0.085193,0.098675,0.1186,0.14265,0.1612,0.1676,0.1676,0.15992,0.1564,0.1564
0.080576,0.097049,0.11713,0.14073,0.15873,0.16498,0.16336,0.15409,0.15019,0.15019
0.082783,0.098714,0.11799,0.14561,0.16196,0.16556,0.16685,0.15715,0.14936,0.14936
0.081181,0.096029,0.11754,0.13119,0.14348,0.16165,0.16203,0.15453,0.14583,0.14583
0.086225,0.1005,0.12011,0.13427,0.1474,0.16491,0.16512,0.15339,0.15071,0.15071
0.081968,0.098908,0.12087,0.13765,0.15108,0.1714,0.17006,0.16047,0.15597,0.15597
0.084,0.10067,0.12427,0.13794,0.14947,0.17147,0.16899,0.16192,0.15213,0.15213
0.079318,0.093197,0.11408,0.1357,0.14801,0.16422,0.16211,0.15707,0.15345,0.15345
0.083209,0.097175,0.11681,0.13681,0.14935,0.1675,0.1676,0.16055,0.15535,0.15535
0.083223,0.099085,0.11661,0.13755,0.15061,0.15281,0.17264,0.16489,0.1567,0.1567
0.084087,0.10042,0.11876,0.13949,0.15307,0.155,0.17654,0.16495,0.1556,0.1556
0.080048,0.094872,0.11784,0.13975,0.15421,0.15576,0.17358,0.16408,0.15754,0.15754
0.082943,0.0965,0.11829,0.13812,0.15278,0.15308,0.16762,0.16107,0.15411,0.15411
0.079871,0.096019,0.11822,0.13856,0.15207,0.15315,0.16998,0.16176,0.15111,0.15111
0.084037,0.10105,0.1242,0.14054,0.15264,0.15682,0.17426,0.16579,0.15731,0.15731
0.079901,0.095685,0.11541,0.14149,0.1541,0.16016,0.17678,0.16854,0.15519,0.15519
0.081784,0.096572,0.11703,0.14114,0.15426,0.1581,0.1719,0.16515,0.15247,0.15247
0.080517,0.096359,0.11683,0.14322,0.15499,0.15537,0.17055,0.16638,0.15343,0.15343
0.083527,0.099994,0.11832,0.1401,0.15524,0.15657,0.17442,0.16816,0.15281,0.15281
0.08064,0.097219,0.11964,0.14655,0.15682,0.15776,0.17699,0.16577,0.15731,0.15731
0.083738,0.099122,0.11976,0.13419,0.15537,0.1581,0.17663,0.16525,0.15183,0.15183
0.078214,0.094849,0.11737,0.13463,0.1561,0.15788,0.17491,0.16697,0.15402,0.15402
0.082884,0.098038,0.12262,0.13544,0.15633,0.15761,0.17428,0.16654,0.15362,0.15362
0.079713,0.095299,0.11543,0.13628,0.15827,0.15848,0.17637,0.16833,0.15762,0.15762
0.082641,0.098167,0.11772,0.13689,0.15835,0.16088,0.17826,0.17441,0.1618,0.1618
0.078659,0.095966,0.1166,0.1395,0.15807,0.16072,0.17795,0.17405,0.16178,0.16178
0.081553,0.098124,0.11715,0.14108,0.15975,0.15984,0.17925,0.17567,0.15799,0.15799
0.08096,0.096285,0.11929,0.14041,0.16168,0.16088,0.17738,0.17164,0.15484,0.15484
0.08397,0.098579,0.12012,0.13893,0.15967,0.16491,0.18006,0.16871,0.15492,0.15492
0.080072,0.097623,0.11888,0.13947,0.16078,0.16212,0.17733,0.16955,0.15507,0.15507
0.081003,0.098578,0.12355,0.1411,0.16147,0.16311,0.17965,0.17441,0.15596,0.15596
0.0793,0.09418,0.11444,0.14141,0.16041,0.16311,0.18113,0.17019,0.15654,0.15654
0.08227,0.096575,0.11723,0.14089,0.16302,0.16328,0.1826,0.17406,0.16128,0.16128
0.078695,0.095709,0.11674,0.13968,0.16127,0.1631,0.18177,0.17503,0.15795,0.15795
0.083291,0.099623,0.11849,0.14188,0.16033,0.1642,0.18178,0.17571,0.15964,0.15964
0.079075,0.09428,0.11843,0.14405,0.16201,0.16537,0.18243,0.17461,0.15823,0.15823
0.078934,0.093164,0.1158,0.14629,0.16323,0.1625,0.17573,0.17184,0.15425,0.15425
0.079869,0.096475,0.11767,0.13322,0.14706,0.16326,0.17856,0.17537,0.16107,0.16107
0.084728,0.10188,0.12471,0.13567,0.15191,0.16614,0.17992,0.17164,0.15722,0.15722
0.078204,0.094606,0.11454,0.13724,0.1541,0.16724,0.18257,0.17275,0.15629,0.15629
0.080472,0.094731,0.11661,0.13824,0.15241,0.16712,0.18331,0.17579,0.16041,0.16041
0.077355,0.093927,0.1158,0.13801,0.15208,0.1669,0.17999,0.17394,0.1568,0.1568
0.081504,0.098951,0.11789,0.13811,0.15155,0.16601,0.18146,0.17446,0.16124,0.16124
0.079243,0.09555,0.1177,0.13745,0.15352,0.16781,0.18008,0.17094,0.15525,0.15525
0.081298,0.096945,0.11814,0.13876,0.15293,0.16915,0.18228,0.176,0.15745,0.15745
0.078678,0.09504,0.11828,0.14067,0.15267,0.1708,0.18291,0.17676,0.15702,0.15702
0.080314,0.096719,0.12286,0.13871,0.15352,0.16764,0.18224,0.1753,0.15809,0.15809
0.079167,0.09525,0.1155,0.13938,0.1534,0.16878,0.17921,0.16958,0.1567,0.1567
0.079933,0.096021,0.11622,0.13991,0.15496,0.16983,0.18159,0.17424,0.15709,0.15709
0.079496,0.09657,0.11718,0.14052,0.15589,0.17128,0.18357,0.17469,0.15817,0.15817
0.081506,0.097432,0.11775,0.14181,0.15511,0.17634,0.18471,0.17642,0.15886,0.15886
0.077724,0.093389,0.11746,0.14192,0.15742,0.1537,0.16173,0.17664,0.16067,0.16067
0.080055,0.095457,0.11724,0.14089,0.157,0.15487,0.16367,0.1783,0.16329,0.16329
0.07771,0.095123,0.11683,0.14498,0.15648,0.15685,0.16422,0.17905,0.16416,0.16416
0.081546,0.097245,0.12225,0.13377,0.15581,0.15922,0.16391,0.17461,0.15774,0.15774
0.079643,0.094732,0.11597,0.13688,0.15709,0.16001,0.16278,0.17282,0.15595,0.15595
0.080512,0.095027,0.11571,0.13676,0.158,0.15778,0.16712,0.17947,0.16228,0.16228
0.077659,0.09537,0.11712,0.1368,0.15752,0.15772,0.16671,0.17948,0.16385,0.16385
0.082211,0.09824,0.1179,0.1373,0.158,0.15857,0.16772,0.17517,0.16071,0.16071
0.079133,0.094449,0.11754,0.13988,0.16083,0.16301,0.17018,0.18047,0.16141,0.16141
0.080193,0.095066,0.11719,0.139,0.16129,0.16231,0.16777,0.18025,0.16214,0.16214
0.077827,0.094083,0.11578,0.13662,0.15644,0.15627,0.1576,0.17823,0.16251,0.16251
0.07901,0.096488,0.12089,0.13864,0.15907,0.15811,0.16617,0.18066,0.16709,0.16709
0.076119,0.092061,0.11542,0.14051,0.16426,0.16322,0.17291,0.18225,0.1655,0.1655
0.079314,0.094037,0.116,0.13891,0.15932,0.16112,0.16889,0.17855,0.16383,0.16383
0.078185,0.094766,0.11577,0.14069,0.15846,0.16027,0.16646,0.17572,0.16299,0.16299
0.080675,0.096672,0.11631,0.14075,0.16083,0.15834,0.16505,0.1757,0.16166,0.16166
0.07814,0.094011,0.1171,0.14123,0.16361,0.16277,0.16694,0.17726,0.16409,0.16409
0.079832,0.096015,0.11902,0.14177,0.16436,0.16356,0.16899,0.17463,0.16419,0.16419
0.077368,0.094367,0.11687,0.13976,0.16099,0.16092,0.16767,0.17673,0.16372,0.16372
0.078369,0.094805,0.11855,0.14503,0.16448,0.16264,0.17044,0.18105,0.16783,0.16783
0.077301,0.092913,0.11442,0.13478,0.15008,0.16623,0.17209,0.1796,0.16569,0.16569
0.078619,0.093984,0.11594,0.13638,0.15312,0.16433,0.16853,0.17853,0.16637,0.16637
0.076205,0.093051,0.11587,0.13722,0.153,0.16392,0.17092,0.18415,0.16969,0.16969
0.07944,0.09545,0.11739,0.13811,0.15063,0.16503,0.17278,0.1833,0.16362,0.16362
0.075386,0.090912,0.11448,0.13753,0.14943,0.16419,0.17252,0.18282,0.1656,0.1656
0.078443,0.093648,0.11666,0.13897,0.15187,0.1664,0.17121,0.17859,0.16131,0.16131
0.076423,0.093698,0.11799,0.13907,0.15374,0.16705,0.17073,0.17905,0.16453,0.16453
0.079993,0.096199,0.12041,0.13696,0.15372,0.167,0.17627,0.18202,0.16704,0.16704
0.076119,0.091441,0.11272,0.13848,0.15446,0.16599,0.17562,0.18076,0.16489,0.16489
0.076231,0.091413,0.11439,0.13945,0.15503,0.16654,0.17371,0.17898,0.16013,0.16013
0.075005,0.092354,0.11552,0.14029,0.15636,0.16747,0.17328,0.18013,0.16261,0.16261
0.078901,0.095233,0.11697,0.13929,0.15456,0.16928,0.17627,0.18573,0.16432,0.16432
0.076623,0.091397,0.11483,0.13755,0.15374,0.16513,0.17396,0.17975,0.15872,0.15872
0.078201,0.092663,0.11544,0.14133,0.15338,0.16967,0.17595,0.17995,0.15786,0.15786
0.074601,0.092057,0.11627,0.14179,0.15517,0.16862,0.17579,0.17957,0.16321,0.16321
0.077032,0.094686,0.12032,0.13947,0.15376,0.16602,0.17319,0.1776,0.15888,0.15888
0.075999,0.09194,0.11299,0.1441,0.15776,0.16816,0.17605,0.17616,0.15817,0.15817
0.077919,0.092958,0.11387,0.13183,0.15447,0.17029,0.18216,0.18262,0.16369,0.16369
0.074778,0.091269,0.11402,0.13766,0.15613,0.17078,0.18091,0.18551,0.16606,0.16606
0.076561,0.093292,0.116,0.13881,0.1574,0.16914,0.17734,0.17944,0.16007,0.16007
0.074137,0.090054,0.11551,0.13601,0.15732,0.1689,0.17572,0.1802,0.16193,0.16193
0.07712,0.092326,0.11429,0.13517,0.15625,0.17429,0.17703,0.17949,0.16486,0.16486
0.074615,0.090799,0.1129,0.13678,0.15598,0.15678,0.18019,0.18281,0.1638,0.1638
0.077355,0.093208,0.1191,0.13875,0.15834,0.15676,0.17918,0.18253,0.16479,0.16479
0.073251,0.089309,0.11243,0.13863,0.16027,0.15669,0.17712,0.18449,0.16601,0.16601
0.077095,0.092359,0.11431,0.13751,0.15967,0.15657,0.17897,0.18423,0.16549,0.16549
0.074239,0.090786,0.11279,0.13723,0.15821,0.15706,0.18042,0.18259,0.16455,0.16455
0.077715,0.093407,0.11406,0.13983,0.16034,0.15734,0.18252,0.18189,0.1641,0.1641
0.074944,0.090667,0.1159,0.14125,0.16068,0.15976,0.18412,0.18032,0.16137,0.16137
0.075279,0.090309,0.11429,0.1391,0.16044,0.16025,0.18247,0.18165,0.16479,0.16479
0.074234,0.090359,0.11342,0.13983,0.16193,0.1577,0.18101,0.1842,0.16216,0.16216
0.076453,0.092558,0.1181,0.14013,0.1598,0.15833,0.17955,0.18289,0.16214,0.16214
0.073743,0.088737,0.11137,0.1388,0.16133,0.15824,0.18328,0.18734,0.17043,0.17043
0.075397,0.090375,0.113,0.14548,0.16534,0.1619,0.18278,0.18643,0.16926,0.16926
0.074228,0.090855,0.11362,0.13319,0.15054,0.16059,0.18293,0.18109,0.16313,0.16313
0.076758,0.092402,0.11388,0.13528,0.15114,0.16062,0.18139,0.1843,0.16398,0.16398
0.073906,0.088778,0.11322,0.13564,0.1498,0.16002,0.18744,0.18485,0.1659,0.1659
0.075164,0.090738,0.11431,0.13673,0.15065,0.16096,0.18605,0.18461,0.16926,0.16926
0.073416,0.090069,0.11258,0.13683,0.15126,0.16343,0.18341,0.18343,0.16493,0.16493
0.076139,0.09242,0.11703,0.13717,0.1529,0.16423,0.18221,0.18139,0.16677,0.16677
0.072195,0.088044,0.11052,0.13518,0.15242,0.16179,0.18417,0.188,0.17082,0.17082
0.074644,0.088704,0.11283,0.13681,0.15286,0.16273,0.18588,0.18721,0.16838,0.16838
0.072552,0.08902,0.11273,0.1384,0.15311,0.16357,0.18701,0.18636,0.16517,0.16517
0.074623,0.092091,0.11291,0.13881,0.15437,0.16344,0.18383,0.18107,0.16453,0.16453
0.075511,0.090002,0.11295,0.13952,0.15373,0.16366,0.18585,0.1839,0.1679,0.1679
0.076343,0.090421,0.11367,0.1393,0.15103,0.16386,0.18844,0.18313,0.17009,0.17009
0.072125,0.08905,0.1135,0.14038,0.15395,0.16548,0.18828,0.183,0.17114,0.17114
0.074196,0.091662,0.11755,0.14014,0.15498,0.16534,0.19002,0.18485,0.1704,0.1704
0.072947,0.089083,0.11139,0.14007,0.15581,0.16562,0.18825,0.18474,0.17098,0.17098
0.073744,0.087935,0.11074,0.13695,0.15547,0.16686,0.18525,0.18335,0.17315,0.17315
0.071811,0.08745,0.11147,0.14289,0.15583,0.16525,0.18372,0.18415,0.16736,0.16736
0.075718,0.091656,0.11378,0.13352,0.15526,0.16805,0.18797,0.1842,0.17245,0.17245
0.073417,0.089328,0.11345,0.13639,0.15739,0.16831,0.18772,0.18348,0.1671,0.1671
0.074916,0.089663,0.11273,0.13709,0.1582,0.16645,0.18859,0.18994,0.17298,0.17298
0.072772,0.088572,0.11217,0.13565,0.15768,0.1665,0.18386,0.1839,0.17128,0.17128
0.075985,0.092546,0.11763,0.13754,0.15754,0.16904,0.18547,0.18244,0.17024,0.17024
0.073144,0.089299,0.11096,0.1376,0.15918,0.17068,0.19286,0.18617,0.17162,0.17162
0.073272,0.088744,0.11167,0.13667,0.15903,0.17078,0.19291,0.18931,0.17487,0.17487
0.071411,0.088028,0.11205,0.1371,0.15821,0.16711,0.18257,0.18038,0.16663,0.16663
0.072808,0.088906,0.11222,0.13658,0.15678,0.16679,0.18469,0.18475,0.17443,0.17443
0.071951,0.087058,0.11127,0.13675,0.15811,0.16885,0.18634,0.18595,0.17008,0.17008
0.075139,0.090176,0.11227,0.13904,0.15998,0.17062,0.19303,0.19083,0.17569,0.17569
0.072814,0.08983,0.11258,0.14008,0.15888,0.17002,0.19018,0.18904,0.1713,0.1713
0.074136,0.090201,0.11683,0.13924,0.15905,0.1739,0.18784,0.18352,0.1679,0.1679
0.071851,0.087872,0.11078,0.14108,0.16172,0.15542,0.16712,0.15943,0.15134,0.16776
0.074245,0.090062,0.113,0.14027,0.15981,0.15816,0.1678,0.15971,0.14795,0.16856
0.0715,0.088737,0.11044,0.13797,0.16008,0.15867,0.16974,0.16222,0.14922,0.17553
0.073285,0.089766,0.11178,0.14367,0.16501,0.15914,0.16958,0.1599,0.15107,0.16993
0.070825,0.085862,0.11105,0.13219,0.14796,0.15853,0.16632,0.16011,0.15567,0.16562
0.073463,0.0878,0.11235,0.13558,0.15168,0.15936,0.17019,0.16687,0.15708,0.1705
0.071767,0.088331,0.1126,0.13749,0.15323,0.16218,0.17582,0.17228,0.15677,0.17253
0.073927,0.090518,0.11576,0.13536,0.15018,0.15956,0.17332,0.17303,0.15935,0.1669
0.072939,0.088141,0.10982,0.13584,0.15073,0.15886,0.16921,0.16594,0.15665,0.16793
0.074008,0.089516,0.11322,0.13949,0.15474,0.16073,0.1686,0.16117,0.15315,0.16986
0.07137,0.087767,0.11191,0.13797,0.15359,0.1607,0.1667,0.16122,0.15204,0.1682
0.072146,0.088557,0.1114,0.13622,0.15274,0.16038,0.17225,0.16868,0.15955,0.1717
0.070414,0.086413,0.111,0.1365,0.15215,0.16055,0.17475,0.17013,0.16199,0.17227
0.072655,0.087341,0.1102,0.13711,0.15335,0.16148,0.17216,0.16558,0.16133,0.16766
0.07156,0.087207,0.11122,0.13828,0.15375,0.16211,0.17194,0.16557,0.15952,0.16655
0.073445,0.089459,0.11563,0.13751,0.15293,0.16246,0.17162,0.16958,0.16258,0.17398
0.071606,0.086892,0.1096,0.13847,0.15408,0.16264,0.17687,0.17385,0.16354,0.17601
0.072577,0.087721,0.1114,0.13861,0.15405,0.16114,0.17441,0.17162,0.15991,0.17375
0.073235,0.089791,0.11318,0.14186,0.1565,0.16394,0.17194,0.16952,0.16405,0.16943
0.073651,0.089455,0.11156,0.13828,0.15496,0.16157,0.17014,0.16734,0.16477,0.17001
0.070475,0.085743,0.11119,0.14311,0.15554,0.16218,0.17544,0.1711,0.16635,0.17347
0.071404,0.086611,0.1108,0.13215,0.15441,0.16306,0.17723,0.17367,0.16299,0.17474
0.068872,0.084975,0.10963,0.13325,0.15408,0.16286,0.1773,0.17248,0.16628,0.17637
0.072688,0.087974,0.11476,0.13508,0.15565,0.16542,0.17832,0.17193,0.16831,0.17362
0.071627,0.087328,0.10934,0.13496,0.15712,0.16362,0.1735,0.16969,0.16725,0.17174
0.071711,0.086819,0.10994,0.13346,0.15432,0.16247,0.17623,0.17359,0.16878,0.17447
0.069425,0.085844,0.1102,0.13672,0.15596,0.16675,0.18052,0.17468,0.165,0.17218
0.072347,0.088372,0.11142,0.13792,0.15818,0.16854,0.17912,0.17484,0.16897,0.17374
0.070506,0.086112,0.11125,0.13716,0.15949,0.16584,0.17896,0.17673,0.17361,0.17297
0.07125,0.085927,0.11027,0.13555,0.15693,0.16426,0.17432,0.1711,0.16988,0.17104
0.06909,0.085224,0.10922,0.1361,0.15802,0.16199,0.17367,0.17424,0.1694,0.18068
0.070734,0.086088,0.11389,0.13795,0.15791,0.16661,0.18363,0.18166,0.17176,0.17815
0.069481,0.084006,0.10718,0.13765,0.15836,0.16871,0.18364,0.18218,0.17265,0.17345
0.072076,0.086126,0.10892,0.13738,0.15891,0.16654,0.17838,0.1768,0.17261,0.17694
0.070164,0.085835,0.11035,0.13806,0.16096,0.16662,0.17488,0.17366,0.17126,0.1699
0.071108,0.08731,0.11051,0.13774,0.15829,0.16823,0.18007,0.17881,0.17222,0.17467
0.06998,0.084879,0.11033,0.13746,0.15781,0.16703,0.18204,0.17987,0.17105,0.17836
0.071599,0.085984,0.11045,0.14305,0.16396,0.16918,0.17905,0.17989,0.17216,0.17291
0.069082,0.084764,0.10969,0.13249,0.14894,0.16749,0.18222,0.18327,0.18071,0.17919
0.069038,0.085067,0.11177,0.1335,0.15,0.1667,0.1799,0.18013,0.17684,0.17596
0.067515,0.082326,0.10642,0.13323,0.15109,0.16963,0.18252,0.18141,0.17322,0.1787
0.072003,0.086192,0.10807,0.13312,0.15078,0.17415,0.18814,0.18637,0.17665,0.17963
0.07129,0.087015,0.1093,0.13597,0.15057,0.15486,0.18508,0.18344,0.17446,0.17962
0.069967,0.086429,0.11003,0.13549,0.15284,0.15646,0.18288,0.18294,0.1749,0.17402
0.066822,0.082133,0.10826,0.13452,0.15227,0.1552,0.1792,0.18127,0.17384,0.17717
0.070186,0.083506,0.10895,0.13475,0.15202,0.15652,0.18052,0.18153,0.17832,0.18421
0.068822,0.083789,0.1085,0.13495,0.1523,0.1579,0.18176,0.18357,0.18042,0.18304
0.070902,0.085996,0.11151,0.13615,0.15323,0.15726,0.18301,0.18585,0.18007,0.17957
0.067827,0.082844,0.10631,0.13704,0.15216,0.15746,0.18335,0.18342,0.17705,0.16837
0.068245,0.082716,0.10686,0.13606,0.15106,0.15717,0.18425,0.18252,0.17779,0.17491
0.068046,0.083057,0.10666,0.13434,0.15123,0.15743,0.18661,0.1867,0.17859,0.17514
0.072099,0.087234,0.11003,0.13676,0.15309,0.16057,0.18898,0.18775,0.17947,0.17618
0.069416,0.084392,0.10924,0.13729,0.15631,0.16163,0.18711,0.18674,0.18019,0.17332
0.069467,0.08325,0.10747,0.13514,0.15376,0.15716,0.18213,0.18382,0.18128,0.17579
0.066886,0.081886,0.10783,0.1409,0.15464,0.1585,0.18675,0.18557,0.18192,0.17418
0.069033,0.084743,0.11158,0.13126,0.15399,0.15958,0.18999,0.18953,0.18291,0.17801
0.067092,0.082335,0.10637,0.13375,0.1544,0.16266,0.19397,0.18994,0.18562,0.183
0.070724,0.08449,0.1079,0.13415,0.15694,0.16115,0.18906,0.18572,0.17956,0.17295
0.067736,0.083531,0.10662,0.13261,0.15469,0.15992,0.1803,0.18063,0.17845,0.17054
0.070095,0.084914,0.10791,0.13318,0.15556,0.1605,0.18415,0.1825,0.18003,0.17372
0.067904,0.082944,0.10791,0.13469,0.15561,0.16581,0.19215,0.1896,0.18624,0.17783
0.069621,0.083895,0.10763,0.13283,0.15428,0.16201,0.19153,0.19112,0.18485,0.17435
0.06696,0.082543,0.10833,0.13606,0.15795,0.16052,0.1851,0.18564,0.17994,0.16963
0.06727,0.082817,0.11037,0.13517,0.15833,0.16004,0.18405,0.18598,0.18048,0.17461
0.067152,0.081638,0.10427,0.13327,0.15534,0.16156,0.18819,0.18776,0.18222,0.17642
0.068935,0.082811,0.10666,0.13554,0.15691,0.16602,0.19031,0.19305,0.18788,0.17924
0.066387,0.083024,0.10806,0.13677,0.15851,0.16537,0.19323,0.19688,0.19098,0.17855
0.068712,0.084432,0.10816,0.13565,0.15792,0.16156,0.18905,0.19061,0.1861,0.17209
0.067281,0.081779,0.10682,0.13583,0.15974,0.16327,0.18731,0.18549,0.18431,0.17281
0.068748,0.08182,0.10575,0.13418,0.15484,0.16331,0.18932,0.18594,0.18294,0.17183
0.067954,0.083081,0.10739,0.13452,0.15371,0.16401,0.19115,0.18712,0.18399,0.16982
0.068313,0.084917,0.11214,0.14064,0.16192,0.16645,0.19334,0.19249,0.18572,0.17332
0.065341,0.080238,0.10501,0.13045,0.14968,0.1658,0.1917,0.19095,0.18202,0.17048
0.068231,0.081725,0.10607,0.13282,0.15153,0.16347,0.18764,0.18621,0.18451,0.17444
0.067129,0.082918,0.10631,0.13289,0.15043,0.16459,0.1873,0.18956,0.18784,0.17524
0.06823,0.084357,0.10828,0.13278,0.1502,0.16605,0.19288,0.19437,0.19211,0.17887
0.066697,0.081409,0.10753,0.13405,0.14925,0.16743,0.19415,0.18912,0.1835,0.16899
0.068398,0.082269,0.10657,0.13462,0.15024,0.16836,0.19193,0.1913,0.18174,0.16897
0.066567,0.081524,0.10569,0.13386,0.15115,0.1676,0.18816,0.18902,0.18166,0.17219
0.068898,0.083952,0.11101,0.13417,0.15162,0.16733,0.18979,0.1899,0.18615,0.17569
0.066046,0.081137,0.10507,0.13359,0.15225,0.16975,0.19372,0.1968,0.18769,0.17636
0.067853,0.082034,0.10673,0.13543,0.15342,0.17067,0.19789,0.1981,0.19153,0.17516
0.065308,0.081553,0.10542,0.13562,0.15255,0.16695,0.1895,0.19202,0.18632,0.17069
0.066142,0.08189,0.1054,0.13409,0.15085,0.17009,0.18948,0.1858,0.18088,0.1726
0.065654,0.080007,0.10574,0.13377,0.15125,0.154,0.16993,0.19341,0.1859,0.1581
0.067507,0.081718,0.1067,0.1355,0.15223,0.15964,0.17347,0.19684,0.19184,0.15305
0.065493,0.080967,0.10572,0.13515,0.15351,0.15821,0.17569,0.19811,0.19185,0.15146
0.068867,0.083551,0.10994,0.1353,0.15309,0.15718,0.16978,0.18541,0.18262,0.1512
0.065943,0.080582,0.10375,0.13963,0.1553,0.15909,0.17154,0.18835,0.1874,0.1567
0.066299,0.080771,0.10583,0.12925,0.15549,0.15848,0.1771,0.19639,0.19417,0.16135
0.065746,0.081474,0.10716,0.13561,0.15664,0.16004,0.17776,0.19819,0.192,0.16296
0.067713,0.082699,0.10703,0.13329,0.15344,0.15717,0.1718,0.19436,0.18734,0.16283
0.064859,0.079123,0.10443,0.1306,0.15369,0.15733,0.17402,0.19271,0.18965,0.16021
0.06643,0.080556,0.10518,0.13313,0.15489,0.16097,0.17594,0.19601,0.19247,0.15989
0.064793,0.079682,0.10409,0.13251,0.15321,0.15896,0.17394,0.19562,0.19031,0.15923
0.066836,0.081412,0.1089,0.13323,0.15534,0.1595,0.17563,0.19952,0.1913,0.16571
0.066568,0.080547,0.10431,0.1348,0.15741,0.15989,0.17727,0.19967,0.19104,0.16453
0.068129,0.081949,0.10513,0.13278,0.15597,0.15829,0.17363,0.1911,0.18827,0.16392
0.064936,0.080244,0.10458,0.13271,0.15533,0.15698,0.17374,0.19545,0.19131,0.16419
0.066252,0.081007,0.10461,0.13595,0.15691,0.16091,0.17597,0.19618,0.19403,0.1609
0.066141,0.08015,0.10664,0.13637,0.15545,0.16308,0.17737,0.19572,0.19246,0.16105
0.068363,0.082214,0.10753,0.13557,0.15738,0.16249,0.17673,0.19483,0.191,0.16254
0.064859,0.080078,0.10377,0.13343,0.15761,0.16028,0.17464,0.19632,0.1969,0.16778
0.065625,0.080201,0.10606,0.1333,0.15551,0.15982,0.17697,0.19677,0.1949,0.16759
0.063653,0.078048,0.10237,0.13467,0.15585,0.16138,0.17746,0.19655,0.19232,0.16619
0.067305,0.080859,0.10529,0.14001,0.16086,0.16242,0.17525,0.19462,0.1879,0.16398
0.0663,0.080462,0.10528,0.12929,0.14782,0.16395,0.18138,0.20367,0.1995,0.16883
0.066664,0.081729,0.10554,0.13175,0.14893,0.16112,0.17908,0.19822,0.19586,0.16924
0.064527,0.078437,0.10248,0.13027,0.14723,0.16033,0.17624,0.19752,0.1949,0.16701
0.066133,0.079539,0.10497,0.1317,0.14837,0.16216,0.17763,0.19871,0.19538,0.16716
0.064772,0.080027,0.10586,0.1337,0.15152,0.16371,0.1806,0.19812,0.1942,0.17276
0.065975,0.080764,0.10688,0.13076,0.1487,0.16265,0.18234,0.20133,0.19691,0.16953
0.06278,0.076914,0.10068,0.13098,0.14859,0.16201,0.17715,0.19634,0.19545,0.17121
0.065183,0.078246,0.10257,0.13288,0.15032,0.16385,0.17864,0.19794,0.19735,0.17163
0.066144,0.080003,0.10512,0.13333,0.1511,0.16432,0.17992,0.19562,0.19658,0.16801
0.067322,0.082122,0.10673,0.13389,0.15119,0.16311,0.17837,0.19661,0.19221,0.16886
0.063222,0.07811,0.10364,0.13241,0.14895,0.16221,0.17972,0.19766,0.19499,0.17284
0.064967,0.078305,0.10231,0.13402,0.14988,0.16217,0.17973,0.19903,0.19405,0.1712
0.064313,0.078484,0.10368,0.13511,0.15121,0.1642,0.17798,0.19646,0.19025,0.1701
0.06612,0.080318,0.1072,0.13271,0.15052,0.1648,0.17905,0.19778,0.19152,0.17368
0.064222,0.078197,0.10259,0.13273,0.15223,0.16544,0.18276,0.20111,0.20001,0.17634
0.064576,0.078163,0.10261,0.13279,0.15166,0.16362,0.18082,0.19569,0.19623,0.17315
0.062468,0.077261,0.10094,0.1371,0.15254,0.16271,0.18336,0.19591,0.19211,0.17238
0.065452,0.079221,0.10395,0.1288,0.15548,0.16737,0.18519,0.20224,0.19809,0.17588
0.06435,0.078278,0.10482,0.13248,0.15466,0.16611,0.18041,0.19949,0.19218,0.1714
0.065201,0.079246,0.10377,0.12919,0.15003,0.16683,0.18077,0.19758,0.18947,0.17481
0.062986,0.077512,0.10226,0.13037,0.15126,0.15089,0.18013,0.19562,0.19057,0.1729
0.063971,0.078659,0.10483,0.13197,0.15264,0.15643,0.18442,0.19831,0.19531,0.17488
0.063966,0.077422,0.10164,0.13132,0.15283,0.15708,0.1856,0.2008,0.19694,0.17777
0.065437,0.078654,0.10363,0.13086,0.15367,0.1558,0.18286,0.204,0.2002,0.17961
0.063321,0.077793,0.10205,0.13107,0.15326,0.15486,0.18257,0.19923,0.19772,0.18012
0.064272,0.078565,0.10202,0.1317,0.15379,0.15581,0.18474,0.19906,0.19754,0.18241
0.062001,0.075735,0.1017,0.13251,0.15411,0.15726,0.18293,0.19706,0.19526,0.17858
0.063818,0.07659,0.1031,0.13175,0.15476,0.1567,0.18504,0.19966,0.19265,0.17988
0.063275,0.077936,0.10348,0.13222,0.15448,0.15705,0.1853,0.2006,0.19318,0.17716
0.064014,0.078846,0.10568,0.13306,0.15408,0.15592,0.18119,0.19726,0.18949,0.17451
0.062259,0.075892,0.098714,0.13239,0.15533,0.15677,0.18318,0.19656,0.19504,0.18211
0.064101,0.076655,0.10133,0.13326,0.15373,0.15934,0.18648,0.19952,0.19494,0.18372
0.062929,0.076635,0.10164,0.13074,0.15106,0.15743,0.18599,0.2018,0.19853,0.18168
0.065232,0.079227,0.10302,0.13593,0.15903,0.1572,0.18558,0.20827,0.20216,0.1834
0.062712,0.075941,0.10201,0.12861,0.14838,0.16032,0.18568,0.20066,0.19854,0.18577
0.063127,0.076398,0.10173,0.13089,0.14879,0.1567,0.18277,0.19555,0.19627,0.17929
0.062413,0.076153,0.10149,0.12892,0.14731,0.15734,0.18498,0.19581,0.19488,0.1804
0.063567,0.077262,0.10512,0.13006,0.14864,0.15843,0.18589,0.19842,0.19077,0.17961
0.062614,0.076113,0.10002,0.13073,0.14837,0.15862,0.18631,0.19966,0.19412,0.18752
0.064517,0.077123,0.10171,0.13102,0.14877,0.16116,0.18361,0.19893,0.19533,0.18733
0.062481,0.076509,0.10143,0.13171,0.14814,0.15943,0.18041,0.19731,0.1961,0.18057
0.063101,0.077212,0.10114,0.13028,0.1486,0.15792,0.18812,0.20206,0.20173,0.18439
0.062297,0.075179,0.10028,0.13008,0.14972,0.16111,0.18957,0.20571,0.20371,0.18334
0.063074,0.075831,0.10168,0.13162,0.14835,0.16309,0.18694,0.19921,0.19945,0.18746
0.060772,0.075384,0.10212,0.13128,0.14914,0.16245,0.18633,0.19835,0.19367,0.18476
0.063073,0.076916,0.1046,0.1321,0.15135,0.16009,0.18419,0.19689,0.19555,0.18225
0.061444,0.075068,0.098583,0.13172,0.15026,0.15905,0.18734,0.20077,0.19599,0.18602
0.063797,0.076244,0.10077,0.13077,0.15031,0.1611,0.18835,0.20484,0.20237,0.18829
0.062354,0.076106,0.10194,0.13321,0.15108,0.16302,0.18716,0.20163,0.19925,0.18365
0.064106,0.077907,0.10231,0.13144,0.1504,0.16059,0.18565,0.19781,0.19734,0.18359
0.061946,0.074507,0.099485,0.1343,0.15094,0.1609,0.18673,0.20054,0.19658,0.18577
0.063107,0.075378,0.099796,0.12599,0.14966,0.16018,0.18526,0.19858,0.19624,0.1837
0.060888,0.075379,0.10108,0.12913,0.1495,0.1613,0.18403,0.19942,0.19769,0.18319
0.061768,0.076362,0.10451,0.12837,0.15049,0.16156,0.18607,0.20304,0.19836,0.18572
0.059872,0.073174,0.09771,0.12784,0.15187,0.16112,0.18785,0.20272,0.20223,0.18633
0.062889,0.075328,0.099956,0.12869,0.15054,0.16157,0.18823,0.20096,0.20006,0.18717
0.062451,0.075905,0.10023,0.12994,0.15094,0.16513,0.19026,0.20419,0.20053,0.181
0.063524,0.076679,0.1011,0.13114,0.15263,0.1635,0.18776,0.20218,0.19313,0.18433
0.061676,0.075104,0.10151,0.13141,0.15366,0.1614,0.18501,0.20069,0.19659,0.18569
0.062868,0.075574,0.10021,0.13005,0.15301,0.16369,0.18761,0.20403,0.19658,0.18314
0.060736,0.074581,0.099119,0.13031,0.15344,0.16445,0.18847,0.19972,0.19394,0.18439
0.062269,0.075057,0.10302,0.12994,0.15384,0.1689,0.19248,0.20256,0.1974,0.18419
0.060997,0.073859,0.098426,0.13053,0.15378,0.15348,0.17137,0.17906,0.19959,0.18813
0.061859,0.075551,0.099839,0.12941,0.15126,0.1534,0.16949,0.17407,0.20161,0.1919
0.060555,0.074942,0.099873,0.12979,0.15212,0.15395,0.17008,0.17552,0.2005,0.18996
0.061756,0.075109,0.099514,0.13125,0.15332,0.15559,0.1696,0.17368,0.19711,0.18333
0.060926,0.073227,0.099087,0.1306,0.15321,0.15515,0.1744,0.18045,0.20298,0.19119
0.062145,0.075085,0.10071,0.13486,0.1565,0.1556,0.17182,0.18203,0.19731,0.1888
0.061085,0.07543,0.10072,0.12708,0.14663,0.15784,0.17223,0.18068,0.19623,0.1866
0.063586,0.07719,0.1025,0.12839,0.14905,0.15557,0.17282,0.17896,0.19988,0.19089
0.059757,0.072853,0.096707,0.12897,0.14836,0.15733,0.17608,0.18391,0.19929,0.1884
0.0606,0.073099,0.098285,0.12857,0.14488,0.15582,0.17413,0.18165,0.20266,0.18598
0.060282,0.074057,0.099838,0.12829,0.14661,0.15525,0.17008,0.17662,0.20203,0.18884
0.062519,0.075611,0.10001,0.12793,0.14828,0.1578,0.17285,0.17839,0.19727,0.19177
0.061051,0.07397,0.098433,0.12787,0.14788,0.15451,0.17148,0.17869,0.19571,0.18956
0.06196,0.074216,0.09848,0.12902,0.14748,0.1555,0.17648,0.18477,0.20091,0.1922
0.060218,0.073784,0.099525,0.13133,0.14851,0.15884,0.1802,0.18487,0.20038,0.19031
0.062277,0.076008,0.10357,0.13088,0.14823,0.15575,0.17456,0.17974,0.19741,0.19213
0.060622,0.073328,0.097439,0.12977,0.14925,0.15593,0.17329,0.18063,0.20171,0.192
0.062082,0.073988,0.098201,0.13095,0.14952,0.15889,0.17587,0.18247,0.20381,0.19455
0.060069,0.073614,0.098349,0.13166,0.1483,0.15919,0.17767,0.18713,0.20304,0.19083
0.060405,0.073838,0.098218,0.12855,0.14734,0.15784,0.17695,0.18252,0.20132,0.18914
0.0598,0.072688,0.09872,0.12938,0.15004,0.15856,0.17653,0.18312,0.19986,0.18966
0.061978,0.074507,0.10012,0.13016,0.14944,0.157,0.17394,0.1806,0.2011,0.19037
0.059711,0.072815,0.099176,0.13494,0.15157,0.16081,0.17657,0.18431,0.20434,0.1923
0.061241,0.074007,0.10072,0.12679,0.14946,0.15899,0.17939,0.18554,0.2048,0.19468
0.060302,0.073375,0.096196,0.12789,0.14868,0.15865,0.17812,0.18237,0.20213,0.19238
0.060729,0.073481,0.098698,0.1274,0.15011,0.1624,0.17918,0.18224,0.20176,0.19579
0.060034,0.073028,0.099151,0.12925,0.15137,0.1602,0.17603,0.17983,0.20465,0.19424
0.060894,0.073873,0.098619,0.12869,0.15086,0.15994,0.17773,0.18483,0.20692,0.19324
0.05827,0.07128,0.096929,0.12698,0.14804,0.1591,0.18019,0.18901,0.20927,0.19677
0.060376,0.072947,0.097137,0.12573,0.14662,0.15781,0.17704,0.18702,0.19972,0.19712
0.05989,0.073396,0.098502,0.12755,0.15078,0.16015,0.17965,0.18836,0.20253,0.20404
0.061312,0.073824,0.10167,0.12944,0.15309,0.16054,0.17995,0.19144,0.20648,0.20041
0.059531,0.072093,0.096021,0.12922,0.15104,0.15867,0.17921,0.18944,0.2065,0.19394
0.060374,0.072502,0.097118,0.12879,0.15144,0.16175,0.18144,0.18986,0.21047,0.19627
0.059269,0.07267,0.098331,0.13029,0.15305,0.16274,0.18056,0.18635,0.20352,0.18931
0.061175,0.073631,0.098204,0.13045,0.1523,0.16161,0.18062,0.18633,0.20098,0.19246
0.05901,0.070974,0.097152,0.12915,0.15132,0.16283,0.18245,0.19108,0.20924,0.198
0.060348,0.072554,0.097066,0.12859,0.14956,0.16111,0.18165,0.19034,0.20821,0.1999
0.058845,0.071914,0.096529,0.12745,0.15006,0.15932,0.17818,0.19147,0.20586,0.19506
0.059554,0.072156,0.099857,0.1317,0.15712,0.16091,0.17659,0.18664,0.20108,0.19077
0.059655,0.071682,0.096606,0.12415,0.14421,0.16041,0.1813,0.18812,0.20505,0.19914
0.061138,0.073081,0.096631,0.12738,0.14484,0.1646,0.1832,0.1948,0.21007,0.19771
0.059043,0.072482,0.097239,0.12799,0.146,0.15114,0.18128,0.19458,0.20744,0.19476
0.059684,0.072581,0.096726,0.12707,0.14488,0.15271,0.18114,0.19225,0.20595,0.19586
0.058207,0.070193,0.096003,0.1271,0.1463,0.15492,0.18331,0.18898,0.20402,0.19288
0.059828,0.071101,0.09676,0.12708,0.14774,0.1554,0.1841,0.19097,0.2073,0.19854
0.058909,0.072255,0.096969,0.12668,0.14595,0.15248,0.18457,0.1919,0.20222,0.19454
0.059703,0.072837,0.098745,0.1273,0.14674,0.15263,0.18426,0.19322,0.20482,0.19419
0.058012,0.070149,0.094592,0.12764,0.14624,0.15327,0.18138,0.19048,0.20455,0.19498
0.059988,0.071275,0.096789,0.1278,0.14636,0.15268,0.1827,0.19526,0.20683,0.19223
0.058798,0.07164,0.097127,0.12856,0.1477,0.15496,0.18797,0.1966,0.20551,0.19332
0.060047,0.073422,0.098071,0.12981,0.14765,0.15365,0.18289,0.19452,0.20316,0.19443
0.057932,0.07028,0.096173,0.12935,0.14826,0.15571,0.18535,0.19356,0.20518,0.19527
0.059306,0.069626,0.095017,0.12873,0.14862,0.15824,0.18558,0.19469,0.20665,0.19498
0.05774,0.07012,0.095552,0.12821,0.14852,0.15585,0.18329,0.19545,0.20808,0.19771
0.059477,0.072315,0.099438,0.12788,0.14884,0.1558,0.18867,0.19863,0.21002,0.2001
0.058206,0.070313,0.094174,0.13201,0.14858,0.15471,0.18507,0.1917,0.20001,0.19543
0.059282,0.070883,0.095202,0.12374,0.14738,0.15155,0.18124,0.19093,0.20252,0.19704
0.057827,0.07039,0.094987,0.12623,0.14828,0.15472,0.18347,0.19459,0.20732,0.19421
0.059886,0.071635,0.096792,0.12546,0.14896,0.1581,0.18628,0.1962,0.20612,0.19655
0.05846,0.070271,0.096925,0.12741,0.14914,0.15712,0.18497,0.19455,0.20508,0.19851
0.058754,0.07057,0.095657,0.12689,0.1492,0.15788,0.18661,0.19297,0.20544,0.19746
0.056785,0.069225,0.094847,0.12653,0.14878,0.15813,0.18357,0.19254,0.20699,0.19367
0.057663,0.069882,0.09721,0.12562,0.14879,0.15696,0.18657,0.19611,0.21073,0.19388
0.057777,0.06925,0.093116,0.1252,0.14917,0.15444,0.18798,0.19646,0.20914,0.19992
0.059629,0.071212,0.095111,0.12675,0.15038,0.157,0.18424,0.19358,0.20017,0.1975
0.057582,0.070375,0.095829,0.12865,0.15151,0.16075,0.18679,0.19483,0.2023,0.19854
0.058787,0.070572,0.095295,0.12741,0.15058,0.15755,0.18185,0.19195,0.1992,0.19473
0.056781,0.068849,0.094967,0.12598,0.14906,0.15519,0.18267,0.19264,0.20057,0.19902
0.058876,0.070456,0.095835,0.12745,0.151,0.15806,0.1896,0.19728,0.20743,0.20187
0.0584,0.070898,0.095906,0.12896,0.15134,0.15827,0.18749,0.19577,0.20724,0.20009
0.057889,0.070892,0.09747,0.12835,0.15001,0.15951,0.18545,0.19248,0.20223,0.1952
0.055906,0.067622,0.092111,0.12613,0.15051,0.15963,0.18517,0.19385,0.20551,0.19181
0.058286,0.069722,0.094112,0.12863,0.15471,0.15793,0.18495,0.194,0.20503,0.19602
0.057441,0.070538,0.094428,0.12231,0.14347,0.15679,0.18662,0.19757,0.20676,0.20014
0.059683,0.071801,0.095911,0.12654,0.14534,0.15848,0.18699,0.19995,0.20427,0.19834
0.057505,0.06918,0.094959,0.12493,0.14413,0.15815,0.18477,0.19432,0.20052,0.19966
0.057446,0.069195,0.094548,0.12489,0.14408,0.15937,0.18481,0.19618,0.20366,0.19788
0.056141,0.068522,0.093712,0.12466,0.14534,0.16138,0.18739,0.19527,0.20148,0.19521
0.058721,0.070977,0.097231,0.12511,0.14477,0.16125,0.19034,0.19554,0.20705,0.20313
0.057287,0.069054,0.093331,0.12587,0.14559,0.1617,0.19044,0.19783,0.20349,0.2003
0.058447,0.069283,0.094151,0.12623,0.1451,0.16083,0.18701,0.19644,0.20806,0.19893
0.055584,0.068171,0.093388,0.12518,0.14723,0.16075,0.18653,0.19618,0.20762,0.19766
0.056812,0.068964,0.093861,0.12604,0.14733,0.16564,0.19315,0.1988,0.2072,0.19784
0.057873,0.068952,0.094165,0.12664,0.14591,0.15034,0.16893,0.19487,0.20576,0.19986
0.059172,0.070064,0.094571,0.12655,0.14525,0.1514,0.16906,0.19512,0.20812,0.20423
0.056214,0.068326,0.093817,0.12608,0.14562,0.1525,0.17126,0.1988,0.20973,0.20456
0.057226,0.068734,0.095091,0.12505,0.14562,0.15455,0.17127,0.19629,0.20528,0.19935
0.055942,0.06789,0.092135,0.12684,0.14619,0.15544,0.17224,0.19709,0.20703,0.1992
0.058115,0.068991,0.094553,0.12702,0.14743,0.15435,0.17583,0.20036,0.2039,0.19989
0.057418,0.068912,0.093995,0.13047,0.14839,0.15392,0.17617,0.19351,0.20319,0.20248
0.057236,0.069414,0.09453,0.12114,0.14666,0.15376,0.17385,0.19808,0.20636,0.20052
0.055369,0.06709,0.092887,0.12381,0.14757,0.15385,0.17186,0.19945,0.20757,0.19417
0.057942,0.069491,0.093704,0.12462,0.14715,0.15528,0.17249,0.20358,0.2123,0.20165
0.057357,0.068898,0.093521,0.12457,0.14831,0.15403,0.17283,0.20178,0.20844,0.19875
0.058734,0.069779,0.09602,0.12481,0.14768,0.15411,0.17371,0.19966,0.20931,0.19759
0.056446,0.067915,0.091846,0.12433,0.14842,0.15489,0.17338,0.19727,0.20478,0.19524
0.055837,0.067822,0.092738,0.12368,0.14799,0.15411,0.1741,0.19943,0.20748,0.19711
0.055826,0.067767,0.09248,0.1246,0.14826,0.15489,0.17492,0.19795,0.20275,0.19849
0.058412,0.069693,0.093953,0.12568,0.1501,0.15477,0.17538,0.19953,0.20536,0.19957
0.056116,0.067755,0.093826,0.12557,0.14956,0.15429,0.17768,0.19907,0.20984,0.19924
0.057157,0.068328,0.092747,0.12484,0.14827,0.15461,0.17278,0.19742,0.2081,0.2024
0.0556,0.067994,0.092739,0.12687,0.14938,0.15587,0.17551,0.2054,0.20934,0.20572
0.058013,0.069115,0.095463,0.12625,0.14976,0.1554,0.17608,0.20596,0.2113,0.20855
0.057607,0.068207,0.091973,0.12656,0.15044,0.15675,0.17482,0.19905,0.20632,0.19793
0.057895,0.068559,0.093206,0.12655,0.14955,0.15384,0.17378,0.19766,0.20393,0.19766
0.054785,0.067219,0.092246,0.12479,0.14955,0.1552,0.17451,0.20293,0.21219,0.20107
0.055926,0.06816,0.092728,0.13002,0.15541,0.15855,0.1787,0.20529,0.21156,0.2056
0.055801,0.066173,0.091978,0.12145,0.14114,0.15443,0.17843,0.2054,0.20814,0.20466
0.057941,0.068173,0.093107,0.12382,0.14374,0.15365,0.17731,0.19891,0.20732,0.20383
0.055823,0.068534,0.093262,0.1246,0.14462,0.15754,0.17447,0.19951,0.20679,0.20608
0.056512,0.069079,0.094572,0.12404,0.14406,0.15664,0.1755,0.20044,0.20623,0.19741
0.055057,0.066033,0.089709,0.12237,0.14353,0.15446,0.17561,0.20116,0.20425,0.19914
0.057804,0.067585,0.092085,0.12455,0.14588,0.15898,0.18026,0.20229,0.20846,0.205
0.056728,0.06768,0.092338,0.12489,0.14507,0.15748,0.17885,0.19787,0.20996,0.2032
0.056161,0.068161,0.092284,0.12361,0.1416,0.1566,0.17827,0.20315,0.20802,0.20407
0.054324,0.066093,0.091307,0.12457,0.14502,0.15827,0.1775,0.20162,0.20745,0.20425
0.056228,0.066584,0.091427,0.12426,0.14528,0.15737,0.17516,0.20139,0.20412,0.20309
0.055846,0.067247,0.092395,0.12523,0.14472,0.15607,0.17733,0.19761,0.20694,0.2061
0.05751,0.069432,0.096324,0.12662,0.14607,0.15648,0.17879,0.20056,0.2037,0.20223
0.054455,0.06667,0.09049,0.12447,0.14502,0.15626,0.1771,0.2015,0.20792,0.19893
0.055446,0.066395,0.090703,0.12402,0.14485,0.1585,0.17677,0.20269,0.20502,0.20037
0.055288,0.066043,0.090314,0.12534,0.14614,0.16014,0.18012,0.20457,0.20758,0.2017
0.056947,0.067379,0.091748,0.12453,0.146,0.15787,0.18131,0.20074,0.21117,0.20554
0.055273,0.066936,0.092627,0.12929,0.14756,0.15773,0.18236,0.20374,0.21052,0.20752
0.055926,0.067532,0.091833,0.12137,0.14504,0.16171,0.18134,0.20162,0.20655,0.20116
0.053888,0.065192,0.090088,0.12228,0.14628,0.14914,0.17733,0.20006,0.20939,0.2024
0.056499,0.067014,0.093677,0.12332,0.14642,0.15264,0.18002,0.20224,0.20871,0.20567
0.056824,0.067557,0.090391,0.12365,0.14767,0.15153,0.18366,0.2027,0.21109,0.2058
0.056406,0.067446,0.091841,0.12335,0.14574,0.15109,0.1817,0.20426,0.21617,0.2074
0.054438,0.066335,0.091243,0.12269,0.14573,0.15065,0.17914,0.20107,0.20989,0.20548
0.054578,0.065748,0.090758,0.12338,0.14752,0.15166,0.1802,0.19816,0.20831,0.20048
0.053951,0.064283,0.09119,0.12392,0.14913,0.15504,0.18291,0.20613,0.21492,0.20765
0.056359,0.06675,0.091269,0.12426,0.14823,0.15188,0.18318,0.20567,0.21093,0.20549
0.055453,0.067254,0.0906,0.12364,0.14722,0.15015,0.1815,0.20242,0.20956,0.2028
0.055584,0.06753,0.093178,0.1234,0.14745,0.15104,0.17934,0.2008,0.20634,0.20218
0.053863,0.064832,0.089116,0.12393,0.14826,0.1514,0.18113,0.20348,0.21018,0.20476
0.055463,0.065696,0.09086,0.12498,0.1495,0.15365,0.18478,0.20495,0.2097,0.20579
0.054543,0.066213,0.09086,0.12462,0.14796,0.15114,0.17929,0.19856,0.20969,0.19864
0.056675,0.067493,0.09065,0.12472,0.14688,0.15052,0.18094,0.1999,0.21005,0.20339
0.053832,0.064539,0.09031,0.12332,0.14837,0.15537,0.18535,0.20235,0.20935,0.20586
0.055083,0.065327,0.0914,0.12891,0.15369,0.15595,0.18499,0.203,0.20904,0.20366
0.054022,0.06557,0.090354,0.12048,0.14015,0.154,0.1832,0.2043,0.20375,0.20067
0.054935,0.06661,0.092547,0.12226,0.14356,0.15387,0.18062,0.20386,0.20706,0.20525
0.054839,0.065303,0.088159,0.12132,0.14429,0.15273,0.18011,0.19961,0.20598,0.20119
0.056067,0.066358,0.090132,0.12231,0.14278,0.15332,0.18247,0.20304,0.21083,0.2026
0.053327,0.064748,0.090452,0.12297,0.14288,0.15465,0.1817,0.20543,0.20966,0.20359
0.054182,0.065429,0.089595,0.12194,0.14312,0.15225,0.1802,0.20449,0.21075,0.20411
0.053792,0.064521,0.090009,0.12261,0.14331,0.15195,0.18126,0.20167,0.20631,0.2064
0.055141,0.065298,0.091269,0.12311,0.14364,0.15408,0.18024,0.19759,0.20374,0.20202
0.053666,0.064441,0.089939,0.12406,0.14468,0.15664,0.18357,0.20217,0.20433,0.20431
0.054906,0.065967,0.09158,0.1241,0.1445,0.15738,0.18557,0.20544,0.20438,0.2019
0.053815,0.064848,0.087723,0.12273,0.1439,0.15662,0.18504,0.2067,0.20682,0.20474
0.055245,0.064786,0.088966,0.12281,0.14376,0.15411,0.1835,0.20386,0.20388,0.20347
0.053451,0.064173,0.089668,0.12362,0.14461,0.1533,0.1796,0.19919,0.202,0.20142
0.05442,0.065593,0.090438,0.12326,0.1447,0.15636,0.18165,0.2022,0.20762,0.20404
0.052469,0.063556,0.088406,0.12255,0.14418,0.15542,0.18305,0.20495,0.21289,0.20534
0.054515,0.064325,0.08853,0.1226,0.14442,0.15407,0.18473,0.20458,0.20756,0.20287
0.053974,0.064733,0.090167,0.12697,0.14662,0.15439,0.18257,0.19729,0.20565,0.19905
0.05456,0.065647,0.092754,0.12069,0.14517,0.15669,0.18331,0.19902,0.20154,0.20478
0.052184,0.063747,0.087847,0.12182,0.14597,0.15781,0.18332,0.20976,0.20176,0.20266
0.053469,0.064495,0.088052,0.12014,0.14563,0.15716,0.18434,0.20858,0.20531,0.20276
0.053893,0.064296,0.088454,0.12185,0.14564,0.15538,0.1831,0.20416,0.20657,0.2052
0.05511,0.065064,0.089645,0.1216,0.14499,0.15379,0.18204,0.19956,0.20639,0.20263
0.053075,0.064312,0.089528,0.12056,0.14459,0.1558,0.185,0.20421,0.21136,0.20774
0.053055,0.064099,0.088816,0.12123,0.14626,0.16044,0.18602,0.20751,0.20997,0.20727
0.052467,0.063323,0.087852,0.12159,0.14662,0.1575,0.1816,0.20188,0.20481,0.20347
0.054383,0.064802,0.091503,0.12286,0.14836,0.1598,0.18568,0.20743,0.20656,0.20776
0.054113,0.063911,0.08794,0.1233,0.14756,0.14835,0.1684,0.18051,0.17914,0.20481
0.054248,0.065233,0.089066,0.12295,0.14659,0.15222,0.1701,0.18197,0.17456,0.205
0.051343,0.063341,0.087862,0.12189,0.14666,0.15141,0.16854,0.17993,0.17331,0.20488
0.053904,0.064239,0.088398,0.12273,0.14805,0.15181,0.16908,0.18029,0.17807,0.20652
0.053138,0.062774,0.088376,0.12166,0.14705,0.14901,0.16738,0.18156,0.18016,0.20485
0.054675,0.064015,0.089138,0.12263,0.14684,0.15053,0.17005,0.18041,0.18243,0.2023
0.052588,0.063786,0.088077,0.12178,0.14579,0.15218,0.17036,0.18345,0.18628,0.20094
0.053873,0.064605,0.08972,0.1248,0.14926,0.15064,0.17058,0.18578,0.1823,0.20215
0.052517,0.06281,0.086587,0.1195,0.1405,0.14994,0.17182,0.18589,0.17971,0.20317
0.053911,0.063368,0.088029,0.12146,0.14208,0.15136,0.17091,0.18473,0.181,0.20499
0.052827,0.063861,0.088684,0.12037,0.14178,0.15123,0.16956,0.18165,0.17793,0.20484
0.054482,0.06546,0.089123,0.12087,0.14184,0.15271,0.17199,0.1808,0.1791,0.20199
0.051946,0.062787,0.088022,0.12086,0.14247,0.15198,0.17238,0.18477,0.18296,0.20636
0.053387,0.063437,0.088379,0.12098,0.14256,0.15255,0.17204,0.18583,0.18937,0.2104
0.052848,0.063137,0.087546,0.12111,0.14312,0.15212,0.1723,0.18436,0.18453,0.20472
0.054113,0.064767,0.089719,0.11995,0.14149,0.15122,0.1711,0.18667,0.18699,0.20195
0.05223,0.062935,0.0862,0.12011,0.1429,0.15159,0.17172,0.18443,0.18594,0.20179
0.053103,0.063378,0.087519,0.12147,0.14273,0.15108,0.17062,0.17962,0.18207,0.2051
0.052277,0.063271,0.088404,0.12261,0.14253,0.15227,0.17137,0.18588,0.18625,0.21055
0.053264,0.06385,0.088413,0.12296,0.14373,0.15214,0.16991,0.1822,0.18559,0.2049
0.052997,0.063458,0.087843,0.12178,0.14368,0.15386,0.17169,0.18298,0.18535,0.20279
0.053582,0.063678,0.088236,0.12123,0.14245,0.15337,0.17307,0.18688,0.18906,0.21139
0.051575,0.061697,0.086963,0.12192,0.14347,0.15198,0.17335,0.18363,0.18661,0.20894
0.053654,0.063872,0.088899,0.12107,0.14295,0.15207,0.17237,0.18594,0.19084,0.2071
0.052736,0.063559,0.086532,0.12469,0.1445,0.15209,0.17249,0.18645,0.1879,0.20533
0.052944,0.062858,0.086555,0.1175,0.14428,0.15389,0.17391,0.18684,0.18766,0.20438
0.051811,0.062519,0.08673,0.12068,0.14468,0.15453,0.17357,0.18619,0.18875,0.20698
0.052758,0.063306,0.088124,0.1209,0.14545,0.15396,0.17374,0.18581,0.18961,0.21168
0.051924,0.062282,0.087449,0.12071,0.14602,0.15363,0.17378,0.18612,0.19438,0.21233
0.053575,0.063446,0.087331,0.11911,0.14419,0.15305,0.17376,0.1897,0.19273,0.21293
0.051419,0.062004,0.087193,0.11945,0.14473,0.15341,0.17205,0.18907,0.19208,0.20869
0.052508,0.062729,0.088478,0.11991,0.14541,0.15537,0.17703,0.18886,0.1894,0.20664
0.051787,0.062138,0.08545,0.12039,0.14416,0.1542,0.1773,0.19094,0.19543,0.21175
0.053064,0.063015,0.086443,0.12031,0.14462,0.15315,0.17419,0.18789,0.19562,0.20711
0.052136,0.062731,0.08628,0.12051,0.14637,0.1536,0.17384,0.18809,0.19281,0.20754
0.052931,0.06353,0.087814,0.12157,0.14721,0.15433,0.17281,0.19099,0.18773,0.20798
0.051294,0.061363,0.087186,0.12191,0.14722,0.15619,0.17892,0.19272,0.1896,0.20336
0.052377,0.062367,0.086746,0.1216,0.14644,0.15644,0.18063,0.19614,0.19545,0.20623
0.05203,0.062788,0.086929,0.12136,0.14541,0.15631,0.17696,0.19211,0.19599,0.21441
0.05281,0.062791,0.0886,0.12035,0.14541,0.15454,0.17278,0.19029,0.1949,0.21107
0.051934,0.061722,0.084959,0.11962,0.14395,0.15249,0.17454,0.18835,0.19161,0.21026
0.052661,0.062644,0.086151,0.12412,0.14933,0.16006,0.17917,0.19324,0.19465,0.21127
0.050895,0.062053,0.085791,0.11656,0.13813,0.14685,0.17936,0.18995,0.19512,0.20959
0.053293,0.063061,0.086802,0.11962,0.14132,0.14858,0.17633,0.18991,0.19268,0.2061
0.051693,0.060983,0.086318,0.11878,0.14193,0.1474,0.17379,0.18868,0.19036,0.20549
0.052558,0.061966,0.087005,0.11955,0.14237,0.15055,0.17848,0.18844,0.19156,0.20999
0.051326,0.061972,0.086509,0.11918,0.14063,0.15072,0.18296,0.19987,0.19862,0.21291
0.05223,0.062955,0.088435,0.11975,0.14122,0.15032,0.18079,0.19581,0.19957,0.21342
0.051526,0.06151,0.085027,0.11898,0.14215,0.14994,0.17879,0.1924,0.19935,0.21121
0.052708,0.061598,0.085468,0.11877,0.14087,0.14698,0.17518,0.19283,0.19679,0.21268
0.051816,0.061715,0.085552,0.12043,0.14222,0.14872,0.1781,0.19248,0.19499,0.20882
0.052043,0.063435,0.087033,0.11939,0.14072,0.14998,0.1808,0.19457,0.19886,0.20783
0.050584,0.061319,0.086513,0.12067,0.14241,0.15066,0.17769,0.19309,0.1988,0.21133
0.051862,0.060755,0.085231,0.12054,0.14428,0.15148,0.17787,0.19419,0.19992,0.21353
0.051188,0.060825,0.085604,0.12004,0.14369,0.14938,0.1797,0.19505,0.19917,0.21049
0.053142,0.063096,0.088379,0.12084,0.14251,0.15002,0.18023,0.19592,0.19853,0.20998
0.05098,0.061276,0.084577,0.12029,0.14241,0.15253,0.18471,0.19701,0.20175,0.20564
0.051961,0.061509,0.085452,0.11898,0.14176,0.1502,0.17978,0.19509,0.2004,0.20725
0.05101,0.060955,0.084538,0.12284,0.14282,0.14952,0.17634,0.19402,0.19831,0.21458
0.05172,0.061655,0.085366,0.11651,0.14343,0.15087,0.17842,0.19443,0.19941,0.20796
0.050404,0.060677,0.08574,0.1185,0.14272,0.15115,0.17939,0.19709,0.20171,0.2036
0.051265,0.061318,0.085412,0.1184,0.14247,0.15136,0.1819,0.19437,0.19975,0.20465
0.050521,0.060611,0.085747,0.11808,0.14432,0.15387,0.18263,0.19297,0.20006,0.20742
0.05242,0.061816,0.087627,0.11864,0.14468,0.15162,0.17691,0.19453,0.19871,0.20755
0.050902,0.060538,0.083139,0.1181,0.14406,0.15028,0.17667,0.1946,0.19648,0.20963
0.051519,0.061413,0.085055,0.11815,0.1433,0.15049,0.17758,0.19462,0.19607,0.20157
0.050425,0.060835,0.085554,0.11882,0.14365,0.15232,0.18086,0.19882,0.2034,0.20625
0.051694,0.061192,0.084956,0.11859,0.1432,0.15135,0.18207,0.19944,0.20553,0.21074
0.050499,0.060267,0.084986,0.11859,0.14366,0.15195,0.17761,0.19432,0.20067,0.21459
0.051377,0.061292,0.085314,0.11983,0.14574,0.15226,0.17816,0.19567,0.20073,0.20943
0.050024,0.060196,0.084425,0.11959,0.14508,0.15264,0.18202,0.19767,0.20103,0.20749
0.050988,0.06072,0.086935,0.11863,0.14403,0.15175,0.1821,0.19441,0.1981,0.2069
0.050898,0.060264,0.083761,0.11918,0.1467,0.15245,0.18219,0.19906,0.20107,0.21398
0.05146,0.060719,0.084758,0.11971,0.14593,0.15407,0.18247,0.19729,0.20358,0.21291
0.049872,0.06014,0.083647,0.11875,0.14415,0.1533,0.17801,0.19668,0.20122,0.20826
0.051621,0.061494,0.084384,0.12258,0.14754,0.15208,0.17715,0.1911,0.19387,0.20393
0.049955,0.059786,0.084678,0.11577,0.13803,0.15467,0.18582,0.19767,0.19828,0.20604
0.051065,0.060508,0.08491,0.11807,0.13976,0.15265,0.18251,0.20009,0.20176,0.20891
0.049795,0.060181,0.084099,0.11677,0.13912,0.15106,0.17913,0.19724,0.20224,0.21166
0.050534,0.060539,0.086739,0.117,0.1405,0.15277,0.17924,0.19611,0.204,0.20785
0.049639,0.059421,0.082959,0.11774,0.14124,0.15417,0.18016,0.19662,0.20273,0.21206
0.050895,0.060144,0.083626,0.11744,0.14055,0.15615,0.18482,0.20069,0.2047,0.21313
0.049573,0.059628,0.083873,0.11771,0.14196,0.15365,0.184,0.20061,0.20383,0.21158
0.050985,0.060775,0.083478,0.11717,0.14096,0.15749,0.18355,0.19877,0.20411,0.21045
0.050512,0.060564,0.084561,0.11766,0.14043,0.14539,0.16542,0.19872,0.20407,0.2091
0.050935,0.060881,0.085559,0.11852,0.14099,0.14806,0.16899,0.19575,0.19968,0.21121
0.049018,0.059162,0.083828,0.11926,0.14151,0.14894,0.17038,0.19701,0.20022,0.20926
0.050481,0.060399,0.086238,0.11968,0.14113,0.14926,0.16971,0.20139,0.20583,0.20972
0.049772,0.059298,0.082482,0.11809,0.1412,0.14775,0.16773,0.19623,0.201,0.20718
0.050959,0.06002,0.083626,0.11852,0.14226,0.14826,0.16873,0.19456,0.19714,0.20552
0.049354,0.059589,0.084092,0.11865,0.14277,0.1489,0.17192,0.19657,0.20179,0.20612
0.049723,0.059953,0.083637,0.11774,0.1416,0.14744,0.1703,0.20009,0.20392,0.20701
0.049715,0.059169,0.082683,0.12197,0.1438,0.14803,0.16842,0.20068,0.20475,0.20407
0.051461,0.060491,0.084083,0.11547,0.14269,0.14901,0.16681,0.19741,0.20693,0.20899
0.050311,0.060463,0.084592,0.11741,0.14298,0.14967,0.16771,0.1969,0.20199,0.21057
0.051109,0.060832,0.086412,0.11668,0.14106,0.15016,0.17162,0.19478,0.19709,0.20752
0.048593,0.058596,0.08235,0.1164,0.14208,0.14898,0.17091,0.19979,0.20457,0.21124
0.049516,0.058895,0.082323,0.11643,0.14317,0.14827,0.16858,0.20158,0.2087,0.21477
0.05007,0.058881,0.082583,0.11748,0.1436,0.15095,0.16901,0.19744,0.20545,0.20935
0.051387,0.060464,0.083693,0.11678,0.14301,0.1492,0.16933,0.19835,0.20497,0.20705
0.049139,0.058989,0.083384,0.11635,0.14189,0.14815,0.16995,0.19909,0.20224,0.21215
0.049521,0.059502,0.083057,0.1168,0.14282,0.14865,0.17108,0.20058,0.20306,0.20773
0.048895,0.059299,0.082852,0.11696,0.14346,0.14962,0.17106,0.19964,0.2074,0.21067
0.050264,0.059831,0.08529,0.11798,0.14524,0.15033,0.16863,0.19735,0.20208,0.21214
0.050376,0.058955,0.081701,0.11818,0.14398,0.15144,0.17084,0.19843,0.20288,0.20845
0.050458,0.059737,0.08281,0.1168,0.14148,0.14839,0.17049,0.19881,0.20257,0.20641
0.048442,0.058544,0.082904,0.11768,0.1445,0.15117,0.17146,0.20367,0.20648,0.20766
0.049523,0.05914,0.082874,0.11841,0.14689,0.15271,0.17388,0.20312,0.21284,0.21506
0.048894,0.058261,0.083389,0.11686,0.14547,0.15095,0.17102,0.1977,0.20487,0.21043
0.049971,0.05882,0.083486,0.12113,0.14749,0.15093,0.17136,0.1997,0.20319,0.20634
0.049156,0.059012,0.08195,0.11373,0.13598,0.15062,0.1738,0.20053,0.20731,0.21037
0.05033,0.060495,0.084605,0.11559,0.13962,0.14956,0.17394,0.20309,0.20899,0.22061
0.049541,0.058868,0.081866,0.11561,0.14007,0.14981,0.17149,0.19943,0.20841,0.21525
0.049774,0.058588,0.081997,0.11597,0.14064,0.15233,0.17139,0.19874,0.20599,0.21496
0.048118,0.057823,0.082184,0.11593,0.13915,0.15162,0.17163,0.19824,0.20641,0.21321
0.049651,0.059039,0.082566,0.11564,0.13826,0.15025,0.17305,0.20185,0.20919,0.2082
0.048846,0.058381,0.08215,0.11581,0.14063,0.15175,0.17575,0.20185,0.20982,0.21237
0.049671,0.05886,0.082699,0.11643,0.14155,0.15262,0.1736,0.20002,0.20857,0.2158
0.048354,0.058196,0.082442,0.11708,0.14102,0.15358,0.17384,0.19887,0.20904,0.2118
0.049733,0.059075,0.083945,0.11682,0.13913,0.15087,0.17399,0.1977,0.20388,0.21184
0.047925,0.05736,0.081174,0.11611,0.14023,0.14994,0.17466,0.20172,0.20912,0.20994
0.050334,0.058976,0.082182,0.11657,0.14113,0.15137,0.17526,0.20436,0.2101,0.21415
0.049214,0.058568,0.081746,0.11735,0.14061,0.15244,0.17561,0.20361,0.2114,0.21493
0.049224,0.058902,0.08226,0.11629,0.14001,0.15288,0.17341,0.19645,0.20496,0.21106
0.048451,0.058216,0.082161,0.11677,0.14043,0.15212,0.17333,0.19976,0.20572,0.20707
0.049278,0.058065,0.08196,0.11667,0.14108,0.15606,0.1779,0.20581,0.2103,0.21518
0.047811,0.057213,0.082232,0.12064,0.14377,0.14427,0.17732,0.20343,0.21013,0.21878
0.049795,0.059127,0.083914,0.11367,0.1409,0.14598,0.17488,0.2004,0.20783,0.21517
0.048779,0.058135,0.080752,0.11541,0.14046,0.14723,0.17544,0.20052,0.21053,0.21194
0.049113,0.058032,0.081581,0.11459,0.13975,0.14614,0.1735,0.1996,0.20459,0.21256
0.047958,0.057552,0.080756,0.11413,0.14078,0.14457,0.17467,0.20256,0.20954,0.2148
0.049151,0.058346,0.081663,0.11498,0.14157,0.14611,0.17417,0.20173,0.20743,0.2107
0.04882,0.058142,0.082127,0.11537,0.14198,0.14787,0.17522,0.19905,0.20975,0.21028
0.049982,0.059024,0.082171,0.11544,0.14161,0.14703,0.17474,0.1965,0.20556,0.21189
0.048411,0.057807,0.081946,0.11633,0.14317,0.14791,0.17752,0.2033,0.20834,0.21188
0.049113,0.058171,0.083514,0.11649,0.1445,0.14818,0.17833,0.2044,0.21145,0.21425
0.047532,0.057062,0.080109,0.11635,0.1434,0.14824,0.17698,0.20181,0.20957,0.21309
0.048693,0.057404,0.080795,0.11589,0.14291,0.14855,0.17427,0.19779,0.2052,0.21194
0.048733,0.057917,0.080908,0.1156,0.14137,0.14687,0.17514,0.19773,0.20632,0.21436
0.049308,0.05865,0.081801,0.11604,0.14141,0.14556,0.17564,0.20139,0.21076,0.21309
0.04726,0.056677,0.080595,0.11547,0.14318,0.14693,0.17692,0.20403,0.21015,0.21325
0.048685,0.057995,0.080986,0.11628,0.14302,0.14651,0.17781,0.20489,0.21182,0.21642
0.048389,0.057905,0.08173,0.11535,0.14195,0.14833,0.17505,0.19997,0.2088,0.21304
0.049298,0.057996,0.083195,0.11901,0.14754,0.14937,0.1753,0.19727,0.2086,0.21193
0.048129,0.057087,0.079971,0.11262,0.13788,0.1488,0.17839,0.20177,0.20975,0.21199
0.048478,0.057748,0.081033,0.11429,0.13759,0.14819,0.17935,0.20378,0.21038,0.21585
0.046927,0.056949,0.08027,0.11424,0.13835,0.14933,0.17814,0.20336,0.21555,0.21241
0.048775,0.057882,0.081017,0.11396,0.13835,0.14825,0.17344,0.19919,0.21238,0.21536
0.048247,0.056621,0.080906,0.1141,0.13905,0.14792,0.1731,0.19935,0.20932,0.21228
0.048672,0.057158,0.081132,0.11401,0.13891,0.14802,0.17653,0.19901,0.20425,0.2095
0.047109,0.057414,0.081121,0.11393,0.13832,0.14779,0.17879,0.20281,0.20921,0.21213
0.048467,0.058753,0.082887,0.11426,0.13869,0.14904,0.17738,0.20042,0.20798,0.20791
0.047737,0.056572,0.078957,0.11452,0.13959,0.14998,0.1763,0.20093,0.20796,0.20737
0.048949,0.056589,0.080193,0.11659,0.14093,0.15105,0.17596,0.19946,0.20764,0.20861
0.046953,0.056631,0.080463,0.11528,0.13878,0.14977,0.17792,0.20414,0.21066,0.21147
0.047612,0.057873,0.080543,0.11403,0.13809,0.14806,0.17874,0.20112,0.21105,0.21001
0.0473,0.056645,0.079868,0.11453,0.14001,0.14829,0.17639,0.2018,0.21351,0.2119
0.048735,0.056851,0.080132,0.11501,0.13857,0.14936,0.17357,0.20093,0.21074,0.21098
0.047299,0.056318,0.080408,0.11581,0.14017,0.15232,0.1777,0.20192,0.20443,0.20633
0.048092,0.057434,0.082172,0.11479,0.13804,0.15102,0.1816,0.20224,0.20795,0.20923
0.046989,0.056812,0.079201,0.11633,0.13771,0.14809,0.17838,0.20468,0.20798,0.20464
0.048844,0.057392,0.080091,0.11166,0.14135,0.15178,0.17889,0.20558,0.21604,0.21427
0.047991,0.056673,0.079869,0.11489,0.14208,0.1512,0.17581,0.20202,0.21186,0.21044
0.047559,0.056985,0.080517,0.11389,0.14084,0.15023,0.17812,0.20202,0.20725,0.20734
0.04586,0.055703,0.079325,0.11234,0.13948,0.14924,0.1782,0.20216,0.20884,0.20685
0.047546,0.05689,0.07942,0.11251,0.13831,0.14991,0.17754,0.20475,0.2098,0.20223
0.047285,0.056673,0.080207,0.11354,0.14091,0.15286,0.17891,0.20439,0.2117,0.20984
0.048593,0.057376,0.0821,0.11414,0.14286,0.15716,0.18275,0.20406,0.20847,0.20821
0.046699,0.055873,0.078428,0.11411,0.1413,0.14242,0.16217,0.17688,0.20331,0.17871
0.046555,0.055793,0.078873,0.11259,0.13942,0.14503,0.16539,0.18057,0.20927,0.17876
0.046679,0.055876,0.079331,0.11396,0.14167,0.14622,0.16818,0.18499,0.21438,0.17846
0.04906,0.057535,0.080443,0.11514,0.14288,0.14678,0.16591,0.18206,0.21098,0.17844
0.047538,0.056438,0.080445,0.11526,0.14276,0.14704,0.16606,0.1825,0.21276,0.1861
0.047426,0.056494,0.079503,0.11491,0.1412,0.14584,0.16628,0.18445,0.20942,0.18514
0.045852,0.055782,0.078391,0.11319,0.14029,0.1445,0.16568,0.18646,0.21112,0.18247
0.047609,0.056995,0.081993,0.11445,0.1425,0.1463,0.16649,0.18733,0.21365,0.18611
0.047528,0.05632,0.079468,0.11485,0.14267,0.14651,0.16614,0.1816,0.20891,0.18639
0.047668,0.055998,0.079444,0.11742,0.14455,0.14565,0.16625,0.17767,0.20418,0.18298
0.045702,0.055277,0.07859,0.11011,0.13437,0.14473,0.16316,0.18156,0.21554,0.18175
0.047118,0.056402,0.078478,0.11225,0.13766,0.14559,0.16488,0.18225,0.21195,0.18331
0.047043,0.055588,0.079284,0.11324,0.13951,0.1476,0.16769,0.18383,0.20895,0.1823
0.04859,0.056607,0.080168,0.11357,0.14023,0.14762,0.16752,0.18432,0.20916,0.18302
0.046597,0.056098,0.079541,0.11361,0.13779,0.14667,0.16751,0.18238,0.21064,0.18586
0.046753,0.05638,0.080958,0.11217,0.13729,0.14598,0.16745,0.18355,0.2073,0.18097
0.046072,0.055622,0.077854,0.11219,0.13681,0.14539,0.16807,0.18487,0.21194,0.18799
0.048097,0.056742,0.079054,0.11335,0.13755,0.1459,0.16645,0.18079,0.20831,0.18575
0.046415,0.055414,0.079341,0.11341,0.13792,0.14796,0.16728,0.18303,0.21041,0.19002
0.046976,0.055883,0.079262,0.11249,0.13656,0.14662,0.16531,0.1823,0.21285,0.18661
0.04591,0.054614,0.077751,0.11244,0.1382,0.14631,0.16685,0.18263,0.209,0.18611
0.047292,0.055753,0.078997,0.1131,0.13945,0.14841,0.17036,0.18486,0.21257,0.18422
0.04726,0.05643,0.079792,0.11491,0.14055,0.14741,0.16795,0.18271,0.21082,0.18905
0.047518,0.056818,0.080828,0.11398,0.13777,0.14664,0.1662,0.18365,0.20941,0.18846
0.04548,0.054708,0.07737,0.11339,0.13803,0.1484,0.1687,0.18673,0.21153,0.18932
0.046395,0.055186,0.078434,0.11311,0.13808,0.14815,0.16947,0.18593,0.21215,0.18826
0.04565,0.055095,0.078504,0.11585,0.13966,0.14771,0.17033,0.18421,0.21,0.18616
0.047629,0.056359,0.07918,0.11014,0.13826,0.1463,0.16841,0.18683,0.21748,0.18964
0.046724,0.055034,0.078558,0.11274,0.139,0.14594,0.16725,0.18704,0.21417,0.19252
0.047281,0.054964,0.077748,0.11146,0.14002,0.14989,0.16996,0.18457,0.21102,0.19053
0.045577,0.054438,0.077883,0.11107,0.14047,0.14901,0.17248,0.18576,0.21288,0.1929
0.046767,0.056294,0.080544,0.11205,0.13951,0.14689,0.17218,0.18632,0.21174,0.19035
0.046168,0.055658,0.078373,0.11232,0.13932,0.14839,0.17291,0.18867,0.21332,0.19416
0.04719,0.055229,0.077632,0.11174,0.13883,0.14826,0.16884,0.18607,0.21383,0.1934
0.045809,0.054836,0.077766,0.11343,0.14137,0.1498,0.16842,0.18536,0.21063,0.18794
0.046434,0.055698,0.078875,0.11264,0.14158,0.14989,0.16955,0.18714,0.21638,0.19316
0.045319,0.0543,0.07828,0.1116,0.13904,0.14596,0.17002,0.188,0.21382,0.19059
0.046422,0.055118,0.077618,0.11175,0.13901,0.1466,0.16976,0.18697,0.21241,0.19361
0.045892,0.054861,0.077786,0.11231,0.14019,0.14991,0.17236,0.18843,0.2185,0.19713
0.046594,0.055232,0.079923,0.11356,0.14292,0.152,0.17423,0.19047,0.21652,0.19643
0.045834,0.054475,0.076613,0.11329,0.14177,0.14809,0.17304,0.1905,0.215,0.194
0.046443,0.055427,0.078045,0.11289,0.14035,0.15272,0.17303,0.18819,0.21823,0.19006
0.045393,0.054831,0.078306,0.11314,0.14066,0.14182,0.17212,0.18805,0.21458,0.19546
0.046479,0.05515,0.078156,0.11614,0.1448,0.14517,0.17086,0.19013,0.21179,0.19358
0.045589,0.054234,0.078038,0.1097,0.13524,0.14407,0.1726,0.19401,0.21664,0.19541
0.046325,0.05458,0.077371,0.1116,0.13733,0.14317,0.17005,0.18993,0.21247,0.19082
0.045783,0.054986,0.07746,0.11,0.1356,0.14359,0.17156,0.18896,0.21366,0.19541
0.0465,0.055699,0.079886,0.11104,0.13721,0.14482,0.17288,0.18867,0.21694,0.19742
0.045371,0.053731,0.076406,0.11164,0.13909,0.1458,0.17373,0.19148,0.21505,0.20032
0.046576,0.054555,0.077195,0.11111,0.13859,0.14488,0.17429,0.1952,0.21875,0.19985
0.045155,0.05432,0.077181,0.11066,0.13501,0.14135,0.17053,0.19027,0.21434,0.19184
0.046757,0.055382,0.077607,0.11217,0.1371,0.14487,0.17118,0.19122,0.21044,0.19746
0.045693,0.054473,0.077846,0.11305,0.1391,0.14789,0.17397,0.19524,0.22077,0.19563
0.046294,0.054639,0.078148,0.11339,0.13915,0.14715,0.17439,0.19525,0.21949,0.20025
0.045219,0.05407,0.0767,0.11155,0.13681,0.14385,0.17069,0.19068,0.21467,0.19584
0.04591,0.055048,0.078625,0.1109,0.13608,0.14252,0.17095,0.19195,0.21571,0.20238
0.045233,0.053938,0.076708,0.1123,0.13939,0.14516,0.17297,0.19046,0.21313,0.2006
0.046468,0.054001,0.076787,0.1124,0.13875,0.14507,0.17287,0.18851,0.21359,0.19669
0.045446,0.054056,0.077035,0.11258,0.13781,0.14615,0.174,0.19364,0.21988,0.20007
0.045866,0.054811,0.077382,0.1114,0.13609,0.14567,0.17206,0.1952,0.21627,0.19765
0.04518,0.053966,0.076682,0.11443,0.13798,0.14664,0.17189,0.19153,0.21072,0.19622
0.046085,0.05439,0.077589,0.10948,0.13943,0.14634,0.17398,0.19146,0.21322,0.19744
0.045354,0.053917,0.077969,0.11166,0.14041,0.14743,0.17456,0.19296,0.21633,0.20196
0.04634,0.054882,0.078964,0.11059,0.13813,0.1469,0.17343,0.19221,0.21893,0.2046
0.044646,0.053359,0.075335,0.1096,0.13694,0.14457,0.17197,0.19012,0.21286,0.19484
0.045651,0.053974,0.076407,0.10964,0.13877,0.14616,0.17346,0.19026,0.21201,0.1973
0.045494,0.054008,0.076775,0.11047,0.14047,0.14847,0.17651,0.19552,0.21232,0.20455
0.045708,0.054203,0.07695,0.11083,0.14016,0.14796,0.1757,0.19627,0.21561,0.20645
0.044717,0.053374,0.076982,0.11088,0.13905,0.14553,0.17296,0.19335,0.21165,0.20404
0.045872,0.054086,0.076727,0.11154,0.13933,0.14618,0.1728,0.19195,0.21399,0.19588
0.044866,0.053594,0.076323,0.11145,0.1413,0.14818,0.17623,0.19344,0.2138,0.2
0.046266,0.055031,0.07898,0.11079,0.14021,0.14803,0.17389,0.19415,0.21374,0.20434
0.044999,0.053891,0.076022,0.11107,0.13912,0.14729,0.17368,0.19524,0.21568,0.20348
0.045383,0.053689,0.076586,0.11067,0.1388,0.14623,0.17497,0.19408,0.21164,0.20311
0.044684,0.053315,0.076206,0.11067,0.1402,0.14747,0.1751,0.19507,0.21737,0.19761
0.045465,0.054039,0.076396,0.11174,0.14182,0.14888,0.17508,0.19456,0.21492,0.1991
0.044532,0.053017,0.076205,0.11102,0.14054,0.14793,0.17476,0.19102,0.21335,0.20542
0.045573,0.054282,0.077232,0.11461,0.14311,0.1485,0.17528,0.19342,0.21259,0.20392
0.044424,0.053549,0.076648,0.10862,0.13319,0.14737,0.17265,0.19266,0.21488,0.19858
0.045103,0.053484,0.077662,0.10937,0.13679,0.14629,0.16957,0.18886,0.21193,0.19755
0.044494,0.053029,0.07537,0.1092,0.13713,0.14876,0.17597,0.19383,0.21266,0.20206
0.045655,0.054212,0.076539,0.10984,0.13489,0.148,0.17662,0.19536,0.21562,0.20776
0.044336,0.053763,0.076348,0.1092,0.13374,0.14647,0.17293,0.19028,0.2111,0.20275
0.045371,0.05419,0.076619,0.10994,0.13717,0.15429,0.18076,0.19714,0.22036,0.20476
0.043918,0.052261,0.075597,0.10987,0.13687,0.13977,0.1601,0.19105,0.21357,0.19993
0.044624,0.052882,0.075887,0.10927,0.13614,0.14265,0.16312,0.1931,0.21682,0.20391
0.043951,0.053469,0.076729,0.11034,0.13674,0.14412,0.16566,0.19699,0.22277,0.21039
0.044974,0.054146,0.077774,0.11063,0.13633,0.1448,0.16397,0.19385,0.21716,0.20765
0.044651,0.052871,0.074638,0.10988,0.13614,0.14394,0.16213,0.19277,0.21921,0.20227
0.045278,0.053197,0.075403,0.11043,0.13767,0.1442,0.16316,0.19509,0.21748,0.20503
0.044072,0.053109,0.075796,0.10921,0.13628,0.14245,0.1633,0.19222,0.21144,0.20338
0.044624,0.053792,0.0763,0.10934,0.13439,0.14189,0.16448,0.19389,0.21188,0.20595
0.044435,0.053234,0.075978,0.11204,0.13802,0.14495,0.16564,0.19438,0.21558,0.20321
0.045355,0.053335,0.075564,0.11115,0.13854,0.14432,0.16365,0.19354,0.21449,0.20349
0.043683,0.05242,0.075183,0.11294,0.13806,0.1447,0.16224,0.1945,0.21609,0.20289
0.044877,0.05388,0.077964,0.10715,0.13719,0.14377,0.16386,0.19297,0.21402,0.20398
0.043505,0.052231,0.075163,0.10855,0.13722,0.14434,0.16681,0.19768,0.22012,0.21135
0.044883,0.052453,0.075238,0.10953,0.13839,0.14689,0.16694,0.19709,0.22449,0.20954
0.044904,0.052973,0.074941,0.10916,0.13753,0.14481,0.16518,0.1932,0.21521,0.20427
0.045105,0.05398,0.075532,0.10821,0.1368,0.14276,0.16315,0.19375,0.20987,0.20348
0.043726,0.052793,0.075624,0.10885,0.13747,0.14374,0.16532,0.19636,0.21831,0.20645
0.045088,0.053304,0.075318,0.10915,0.13869,0.14422,0.16638,0.19572,0.2216,0.20867
0.043646,0.052653,0.075543,0.10953,0.13904,0.14565,0.16573,0.19708,0.22099,0.20895
0.0445,0.052937,0.07674,0.10967,0.13963,0.14674,0.16607,0.19427,0.22114,0.20818
0.043275,0.052164,0.074184,0.10901,0.13813,0.14451,0.16586,0.19453,0.21756,0.20262
0.044212,0.052624,0.075375,0.10944,0.13751,0.14375,0.16603,0.20043,0.22452,0.20625
0.044314,0.052177,0.074817,0.11026,0.13945,0.14655,0.16541,0.19645,0.22213,0.20437
0.045155,0.053447,0.075363,0.10934,0.13837,0.14525,0.16553,0.19499,0.21559,0.2092
0.043641,0.052021,0.074644,0.10781,0.13731,0.14385,0.16722,0.20002,0.21821,0.21379
0.044153,0.052589,0.074528,0.10959,0.13832,0.14437,0.16901,0.19898,0.21744,0.20621
0.043598,0.052751,0.074949,0.10976,0.13984,0.14486,0.16695,0.19286,0.21562,0.20376
0.044414,0.05316,0.076962,0.11316,0.1444,0.14735,0.16826,0.19258,0.21616,0.20577
0.044231,0.052321,0.074014,0.1071,0.1333,0.14538,0.16689,0.19598,0.22153,0.20587
0.044034,0.052348,0.075403,0.1076,0.13429,0.14435,0.16701,0.19713,0.21935,0.20986
0.042639,0.051509,0.074422,0.10734,0.13581,0.1477,0.16915,0.19934,0.21975,0.20613
0.044728,0.052767,0.073907,0.10777,0.13371,0.14541,0.16658,0.19201,0.21315,0.20456
0.044052,0.05222,0.074753,0.10852,0.1357,0.14721,0.1688,0.19702,0.22116,0.21295
0.044707,0.052608,0.075232,0.10815,0.13617,0.14567,0.16639,0.19753,0.22006,0.20837
0.043315,0.051832,0.074338,0.10767,0.13383,0.14333,0.16516,0.19274,0.21616,0.2076
0.043565,0.052353,0.076016,0.10866,0.13525,0.14698,0.16709,0.19327,0.21687,0.20492
0.043058,0.051733,0.073195,0.10877,0.13715,0.14891,0.17149,0.19554,0.21805,0.20452
0.044645,0.052763,0.074193,0.10956,0.13705,0.14719,0.17286,0.20145,0.22093,0.21568
0.043179,0.052145,0.07503,0.10907,0.13516,0.14472,0.16847,0.19905,0.21937,0.21535
0.043434,0.051905,0.074576,0.10846,0.13489,0.14556,0.16695,0.19593,0.21751,0.20576
0.042599,0.050688,0.073508,0.1087,0.13511,0.14634,0.16933,0.19607,0.21562,0.20432
0.044095,0.051883,0.074136,0.10831,0.13568,0.15258,0.17228,0.19697,0.22002,0.20863
0.043512,0.052341,0.074485,0.10936,0.13746,0.14085,0.1701,0.19508,0.21649,0.20788
0.044471,0.05307,0.0761,0.1091,0.13573,0.14052,0.16586,0.19361,0.21662,0.20852
0.042714,0.050794,0.072868,0.11115,0.13717,0.14145,0.16791,0.19665,0.22083,0.20605
0.043714,0.051397,0.073595,0.10522,0.1367,0.14191,0.17041,0.19716,0.21958,0.2078
0.043029,0.051587,0.073789,0.10739,0.13791,0.14335,0.17494,0.20277,0.22386,0.2167
0.043975,0.052693,0.074791,0.10717,0.13624,0.14285,0.16983,0.19471,0.22122,0.20957
0.04334,0.051799,0.074563,0.10837,0.13616,0.14187,0.16796,0.19362,0.21513,0.20592
0.043769,0.051162,0.073272,0.10834,0.13677,0.14288,0.17007,0.1992,0.21723,0.20859
0.042671,0.050818,0.073529,0.10697,0.13836,0.14384,0.17115,0.20289,0.22244,0.21517
0.043963,0.052317,0.076065,0.10697,0.13678,0.14174,0.1697,0.19981,0.21951,0.2123
0.042867,0.051299,0.073177,0.10796,0.1363,0.1419,0.17071,0.19635,0.2205,0.21325
0.043697,0.051529,0.073638,0.10802,0.13788,0.14258,0.1691,0.19268,0.21764,0.20671
0.043079,0.051477,0.073761,0.10843,0.1386,0.14367,0.17127,0.19689,0.21753,0.20957
0.043588,0.051911,0.073559,0.10796,0.13728,0.14395,0.17142,0.1963,0.2182,0.21232
0.042466,0.050761,0.073408,0.10705,0.13682,0.14171,0.1709,0.19674,0.21669,0.21183
0.044013,0.051794,0.074277,0.10908,0.13684,0.14066,0.16779,0.19783,0.21671,0.2121
0.043079,0.05108,0.07356,0.109,0.13728,0.14352,0.16798,0.19609,0.22084,0.20818
0.043327,0.051503,0.074836,0.10845,0.13801,0.14504,0.17026,0.1979,0.2227,0.20982
0.042464,0.050711,0.071915,0.10745,0.139,0.14467,0.17159,0.19795,0.21781,0.21226
0.043415,0.05109,0.072906,0.11008,0.14132,0.14338,0.17173,0.19759,0.21544,0.21312
0.042652,0.051023,0.07378,0.1053,0.1311,0.14223,0.17145,0.19602,0.21858,0.21394
0.043732,0.051644,0.073608,0.10729,0.13403,0.14339,0.17101,0.19481,0.21557,0.2101
0.042395,0.050761,0.073071,0.10644,0.13454,0.1448,0.17096,0.19657,0.21631,0.21372
0.043141,0.051386,0.073279,0.1064,0.13355,0.14355,0.17076,0.19715,0.21392,0.20944
0.042926,0.051285,0.073588,0.10716,0.13352,0.14336,0.16956,0.19676,0.21821,0.20966
0.043761,0.051649,0.075034,0.10722,0.13453,0.14391,0.16851,0.1977,0.21583,0.20808
0.042253,0.050159,0.072291,0.10744,0.13627,0.14553,0.17339,0.20053,0.22317,0.2148
0.042687,0.050954,0.072522,0.10704,0.13576,0.14586,0.1719,0.19821,0.21744,0.21034
0.041745,0.050566,0.072766,0.10701,0.13536,0.14562,0.17298,0.19674,0.21358,0.20898
0.043919,0.051756,0.073566,0.1078,0.13486,0.14415,0.17155,0.19719,0.21937,0.21052
0.043883,0.051442,0.073741,0.10834,0.13511,0.1456,0.17214,0.19822,0.21819,0.21219
0.043295,0.050972,0.073067,0.10677,0.1353,0.14503,0.17295,0.20079,0.21666,0.21293
0.041612,0.050391,0.072598,0.10671,0.13473,0.14343,0.17059,0.20208,0.21703,0.20953
0.042519,0.051384,0.074875,0.10703,0.13292,0.1443,0.17076,0.19849,0.21481,0.20709
